no,id,pw,gender,date
1,Sandiland,13,Female,3/10/2024
2,Udy,55,Female,11/8/2023
3,Flewin,91,Male,5/9/2023
4,Fazzioli,81,Male,2/20/2024
5,Raft,92,Male,2/19/2024
6,Waszczykowski,63,Female,1/21/2024
7,Hurrion,80,Female,3/18/2024
8,Code,17,Female,6/5/2023
9,Wall,45,Female,2/1/2024
10,Matteuzzi,18,Male,1/9/2024
11,Iskow,97,Female,1/27/2024
12,Giacomazzo,19,Female,1/4/2024
13,Risman,43,Female,6/26/2023
14,Woodison,100,Female,3/11/2024
15,Graybeal,55,Male,9/22/2023
16,Bessey,100,Female,12/2/2023
17,Barsham,96,Genderfluid,12/22/2023
18,Unthank,51,Female,10/4/2023
19,Fussey,38,Male,11/27/2023
20,Mac Giolla Pheadair,51,Female,7/15/2023
21,Mouser,58,Male,12/1/2023
22,Martschke,70,Male,2/28/2024
23,Dussy,100,Male,10/9/2023
24,Rosoni,74,Female,3/14/2024
25,Vaud,24,Female,4/2/2024
26,Charteris,26,Male,5/9/2023
27,Wemyss,53,Female,10/22/2023
28,Niblock,8,Bigender,1/16/2024
29,Hellwing,69,Female,4/4/2024
30,Sonley,22,Male,3/28/2024
31,Corsar,73,Female,2/9/2024
32,Rosewarne,68,Male,1/28/2024
33,Tinmouth,95,Male,6/3/2023
34,Jupe,45,Female,3/9/2024
35,California,16,Male,7/28/2023
36,Pottiphar,76,Female,6/15/2023
37,Adds,8,Female,2/23/2024
38,Severs,7,Non-binary,3/4/2024
39,Scoggans,76,Male,4/27/2023
40,Giacomi,16,Female,1/13/2024
41,Cammack,35,Female,2/26/2024
42,Dunnan,56,Female,3/25/2024
43,Curtois,5,Female,6/4/2023
44,Meah,77,Male,5/3/2023
45,Gristwood,86,Female,3/22/2024
46,Fawdrey,36,Female,3/17/2024
47,Pendle,94,Male,4/22/2023
48,David,57,Female,9/13/2023
49,Egentan,82,Male,4/8/2024
50,Biskup,66,Female,2/8/2024
51,McBryde,19,Male,9/20/2023
52,Benda,78,Female,6/30/2023
53,Balcers,3,Male,2/10/2024
54,McClay,31,Bigender,1/5/2024
55,Biddlecombe,41,Female,2/3/2024
56,Durbridge,99,Bigender,7/26/2023
57,Brickner,40,Polygender,3/15/2024
58,Hourigan,29,Female,2/18/2024
59,Scripps,95,Female,6/15/2023
60,Claworth,15,Male,3/7/2024
61,Tupp,25,Female,9/14/2023
62,Scouller,1,Male,1/10/2024
63,Bliss,31,Female,10/19/2023
64,Twede,23,Male,3/24/2024
65,Charrisson,31,Male,7/13/2023
66,MacCardle,51,Male,6/19/2023
67,Tomisch,9,Genderqueer,8/11/2023
68,Mersh,66,Female,3/16/2024
69,Walkington,7,Male,12/1/2023
70,Cathery,80,Female,3/14/2024
71,Sleightholm,49,Male,12/7/2023
72,Kibbey,13,Bigender,4/24/2023
73,Braybrook,25,Female,9/7/2023
74,Grindle,58,Genderqueer,6/17/2023
75,Ruter,71,Female,6/8/2023
76,MacIllrick,49,Female,10/2/2023
77,Smalley,55,Male,1/11/2024
78,Reveland,81,Male,12/4/2023
79,Caff,2,Polygender,3/14/2024
80,Hebborne,63,Male,5/9/2023
81,Bertome,17,Male,7/11/2023
82,Grut,69,Male,1/23/2024
83,Doughill,58,Male,4/12/2024
84,Skillen,93,Female,7/5/2023
85,Lethby,11,Female,7/10/2023
86,Dabbs,28,Female,6/9/2023
87,Lomasney,67,Female,6/9/2023
88,de Juares,18,Female,8/9/2023
89,Houltham,95,Female,12/30/2023
90,Hradsky,31,Female,10/9/2023
91,Andrzejak,89,Male,7/21/2023
92,MacKellar,100,Female,5/1/2023
93,Ivanonko,53,Male,1/16/2024
94,Adamek,53,Male,12/16/2023
95,Sirette,38,Male,2/15/2024
96,McClenaghan,62,Female,2/14/2024
97,Culp,17,Male,4/12/2024
98,Whybray,62,Genderfluid,6/19/2023
99,Campo,10,Agender,10/1/2023
100,McCluskey,93,Male,2/5/2024
101,Dumbellow,30,Female,10/24/2023
102,Blancowe,77,Female,6/24/2023
103,Dunton,48,Male,11/23/2023
104,Gamil,84,Female,11/18/2023
105,Dreghorn,99,Male,4/7/2024
106,Muck,55,Female,1/22/2024
107,Duckinfield,27,Male,11/21/2023
108,Hopkynson,18,Male,6/16/2023
109,Fawthrop,19,Female,5/27/2023
110,Meffin,27,Male,4/17/2023
111,Bertouloume,55,Male,3/7/2024
112,Coughlin,2,Male,4/21/2023
113,Ferguson,41,Male,1/20/2024
114,Hattersley,5,Female,8/16/2023
115,Eliasen,81,Male,4/16/2023
116,Riccard,42,Male,4/17/2023
117,Kleinhandler,80,Male,4/18/2023
118,Ridgway,52,Male,10/29/2023
119,Neasham,32,Male,10/27/2023
120,Bresnahan,80,Male,12/7/2023
121,Ruusa,30,Non-binary,8/5/2023
122,Adelsberg,40,Male,6/13/2023
123,Maynard,75,Male,2/4/2024
124,Latchford,17,Male,10/21/2023
125,Pawlowicz,31,Female,9/9/2023
126,Watman,60,Female,9/22/2023
127,Henrique,57,Female,8/4/2023
128,McKie,40,Non-binary,10/16/2023
129,Grenfell,81,Female,8/5/2023
130,Fiander,60,Female,10/19/2023
131,Whitby,30,Female,9/30/2023
132,Rochford,92,Polygender,1/16/2024
133,Niezen,3,Male,8/2/2023
134,McCrillis,81,Male,12/25/2023
135,Briggs,37,Genderfluid,11/30/2023
136,Ucchino,20,Male,9/28/2023
137,Spadotto,27,Genderfluid,4/4/2024
138,Jankin,89,Male,1/1/2024
139,Taylorson,12,Agender,10/11/2023
140,Edelston,100,Female,8/3/2023
141,Gillings,18,Male,1/25/2024
142,Ricioppo,70,Male,12/21/2023
143,Smythe,60,Male,9/25/2023
144,Fazan,85,Female,3/20/2024
145,Bratley,37,Male,11/30/2023
146,Coniam,82,Female,9/13/2023
147,Masterman,61,Female,7/30/2023
148,Trood,60,Male,9/17/2023
149,Scrowby,6,Female,11/17/2023
150,Carnie,11,Female,11/28/2023
151,Preston,73,Female,4/18/2023
152,Scatcher,68,Female,7/24/2023
153,Loughney,31,Female,6/11/2023
154,Jeffrey,35,Male,1/11/2024
155,Macellar,15,Male,2/2/2024
156,Marl,77,Genderqueer,9/1/2023
157,Morilla,4,Male,11/3/2023
158,Hedden,55,Female,5/23/2023
159,Couves,8,Female,11/28/2023
160,Brixey,64,Male,1/7/2024
161,Vere,50,Female,7/6/2023
162,Ollerhad,52,Male,2/28/2024
163,Toombs,73,Female,10/30/2023
164,Treadwell,55,Male,5/22/2023
165,Roaf,97,Female,5/10/2023
166,Longmuir,72,Male,8/17/2023
167,Billie,80,Male,8/10/2023
168,Wickerson,66,Female,12/15/2023
169,Trouel,4,Male,10/20/2023
170,Chappelle,71,Polygender,4/15/2023
171,Thurske,33,Female,10/11/2023
172,Lutman,85,Male,10/6/2023
173,Edwardes,63,Female,6/19/2023
174,Priestnall,85,Male,4/16/2023
175,Heaton,38,Male,12/10/2023
176,Garaghan,15,Male,4/29/2023
177,Lambarton,78,Female,6/30/2023
178,Robertacci,18,Male,12/10/2023
179,Keighley,39,Female,9/3/2023
180,Johanssen,10,Female,1/24/2024
181,Wellbeloved,23,Female,10/20/2023
182,Slany,84,Female,7/13/2023
183,Canon,68,Male,8/9/2023
184,Botham,40,Male,2/28/2024
185,Carsey,34,Male,9/13/2023
186,Cirlos,24,Agender,8/20/2023
187,Astbery,92,Male,5/30/2023
188,Cerie,97,Agender,9/29/2023
189,Janes,5,Male,12/20/2023
190,Aylett,95,Male,8/9/2023
191,Tunaclift,35,Female,3/23/2024
192,Boles,34,Female,9/18/2023
193,Burditt,59,Male,9/3/2023
194,Antoniat,46,Male,4/14/2024
195,Bateup,66,Male,12/10/2023
196,Henri,32,Male,2/4/2024
197,de la Tremoille,77,Female,7/26/2023
198,Knoller,75,Male,4/9/2024
199,Balstone,51,Male,11/22/2023
200,Petow,21,Male,5/3/2023
201,Stone Fewings,56,Male,12/19/2023
202,Girard,97,Female,8/29/2023
203,McGoogan,9,Female,11/29/2023
204,Low,44,Male,11/5/2023
205,Klimkov,96,Genderfluid,3/16/2024
206,Vasilenko,59,Non-binary,4/11/2024
207,Taile,86,Male,3/11/2024
208,Bigland,30,Female,7/1/2023
209,Grisedale,86,Male,1/28/2024
210,Stickells,19,Female,9/6/2023
211,Gully,21,Male,6/16/2023
212,Androletti,13,Bigender,9/17/2023
213,Gozard,33,Female,8/29/2023
214,Jenking,80,Male,7/4/2023
215,Hengoed,86,Male,12/30/2023
216,Raraty,20,Male,12/3/2023
217,Chessun,43,Male,8/13/2023
218,Whorton,93,Female,8/26/2023
219,Dimsdale,48,Female,7/24/2023
220,Fulker,27,Female,4/4/2024
221,Hulland,87,Male,10/4/2023
222,Luna,72,Male,1/24/2024
223,Verry,49,Female,5/16/2023
224,Arnett,42,Male,2/23/2024
225,D'eath,18,Male,1/30/2024
226,Witchell,1,Female,9/17/2023
227,Sidebotton,74,Bigender,6/24/2023
228,Streak,49,Male,9/19/2023
229,Laydel,20,Male,3/1/2024
230,Armytage,23,Male,4/15/2023
231,Killoran,28,Female,5/6/2023
232,Kigelman,32,Male,3/22/2024
233,Widdowson,4,Male,11/6/2023
234,Raccio,75,Female,1/1/2024
235,Jorioz,12,Female,11/28/2023
236,Siaskowski,8,Male,3/26/2024
237,Swannack,78,Male,9/5/2023
238,Dewhurst,79,Male,2/5/2024
239,Worner,44,Female,9/25/2023
240,Bowlas,92,Male,9/14/2023
241,Kneal,62,Female,6/7/2023
242,Brewin,72,Female,3/1/2024
243,Mougel,21,Female,11/28/2023
244,Stanlack,35,Female,12/7/2023
245,Behne,52,Male,12/20/2023
246,Petlyura,61,Polygender,6/21/2023
247,Fargher,73,Male,1/27/2024
248,Jolley,4,Bigender,11/25/2023
249,Marcone,31,Male,6/26/2023
250,Scoular,15,Male,10/29/2023
251,Todeo,88,Female,10/6/2023
252,Edmonstone,74,Bigender,10/13/2023
253,Kinner,63,Male,8/6/2023
254,Ales0,35,Male,6/9/2023
255,Spyer,9,Male,1/14/2024
256,Lithgow,9,Female,6/17/2023
257,Libri,4,Male,10/7/2023
258,Druitt,16,Agender,9/6/2023
259,Ironside,92,Female,1/28/2024
260,Reisin,62,Female,2/12/2024
261,Doodney,88,Female,10/1/2023
262,Renackowna,100,Bigender,9/26/2023
263,Paprotny,63,Non-binary,11/23/2023
264,Kingswoode,79,Female,12/9/2023
265,Knightly,15,Female,11/30/2023
266,Raithbie,95,Female,4/29/2023
267,Ritchard,73,Male,10/16/2023
268,Hannis,8,Male,5/17/2023
269,Vanyukov,80,Female,1/13/2024
270,Poure,29,Female,7/31/2023
271,Vedishchev,84,Female,5/4/2023
272,Carcass,29,Genderqueer,8/9/2023
273,Gauntley,43,Female,7/23/2023
274,Gason,88,Male,11/18/2023
275,Bellard,48,Male,1/23/2024
276,Drage,53,Male,6/11/2023
277,Auston,61,Male,7/26/2023
278,Lamp,63,Male,9/14/2023
279,Hubbis,92,Female,12/10/2023
280,Streight,98,Female,1/9/2024
281,Grinyer,5,Male,10/8/2023
282,Steger,52,Male,5/21/2023
283,Haresign,85,Female,11/4/2023
284,Cowland,79,Female,5/26/2023
285,Caustick,97,Male,6/10/2023
286,Peppin,27,Female,8/10/2023
287,Batha,86,Female,12/6/2023
288,Regus,88,Male,6/19/2023
289,Futty,35,Polygender,9/11/2023
290,Alastair,12,Female,6/17/2023
291,Sappy,35,Female,11/3/2023
292,Ecles,89,Female,10/5/2023
293,Storks,49,Male,4/2/2024
294,Borgne,65,Polygender,9/23/2023
295,MacCombe,92,Male,10/8/2023
296,Biaggetti,12,Male,11/30/2023
297,Chasteney,52,Female,6/17/2023
298,Diess,61,Male,8/16/2023
299,Vaux,15,Female,1/12/2024
300,Cruickshanks,88,Genderqueer,7/15/2023
301,Heliet,76,Male,1/16/2024
302,Melvin,45,Male,3/12/2024
303,Houndson,5,Female,12/20/2023
304,Poveleye,23,Male,12/3/2023
305,Genney,57,Female,9/22/2023
306,Freire,28,Male,4/21/2023
307,Carson,50,Female,6/23/2023
308,Coners,12,Male,2/10/2024
309,Georgeou,3,Female,10/31/2023
310,Haggish,54,Female,9/27/2023
311,Slocombe,8,Female,11/7/2023
312,Nowak,44,Male,2/4/2024
313,Pocknell,65,Male,11/25/2023
314,Henriksson,9,Polygender,2/25/2024
315,Peyto,40,Female,11/9/2023
316,Abramof,30,Female,5/8/2023
317,Titmus,44,Female,5/24/2023
318,Guilford,24,Female,10/10/2023
319,Byars,78,Female,6/27/2023
320,Morley,99,Non-binary,3/7/2024
321,Simcox,96,Male,8/24/2023
322,Nester,63,Male,8/3/2023
323,McIlvenna,10,Male,3/10/2024
324,Whitten,81,Genderfluid,7/5/2023
325,Buggs,31,Female,6/25/2023
326,Shackel,97,Male,6/20/2023
327,Jeanesson,23,Female,9/25/2023
328,Jarad,42,Female,11/4/2023
329,Hornig,97,Male,5/16/2023
330,Unger,29,Male,2/10/2024
331,Cossell,46,Female,4/14/2024
332,Wakes,95,Female,11/27/2023
333,Gooke,44,Male,9/27/2023
334,Lemarie,36,Genderfluid,7/23/2023
335,Staff,46,Female,6/29/2023
336,Vales,60,Female,8/3/2023
337,Kissack,27,Male,4/5/2024
338,Penright,56,Female,10/10/2023
339,Jayume,41,Male,8/7/2023
340,Sarchwell,76,Female,2/4/2024
341,Plessing,45,Female,4/8/2024
342,MacFarland,73,Male,12/29/2023
343,Waldera,88,Male,4/20/2023
344,Purton,65,Male,9/5/2023
345,Osgood,17,Female,4/15/2023
346,McGauhy,18,Female,6/9/2023
347,D'Avaux,87,Female,9/4/2023
348,Kolak,35,Genderqueer,4/17/2023
349,Tallent,15,Female,3/15/2024
350,Cottee,88,Male,4/21/2023
351,Charer,72,Male,3/13/2024
352,Othick,8,Female,11/16/2023
353,Catcheside,90,Female,11/23/2023
354,Izkovitz,78,Non-binary,9/8/2023
355,Creaven,56,Female,6/17/2023
356,Buckhurst,63,Bigender,8/14/2023
357,Doutch,20,Female,4/22/2023
358,Steedman,75,Male,7/29/2023
359,Haps,66,Male,2/16/2024
360,Yurkiewicz,8,Female,12/31/2023
361,Josse,95,Male,12/27/2023
362,Ace,23,Female,5/25/2023
363,Judkin,93,Female,6/8/2023
364,Pollington,96,Male,8/29/2023
365,Murrigan,7,Female,10/30/2023
366,Malden,4,Male,7/22/2023
367,Shambrook,12,Male,8/27/2023
368,Hassen,57,Female,10/6/2023
369,Rattrie,8,Female,6/1/2023
370,Bewsey,6,Male,9/10/2023
371,Moyes,3,Male,2/18/2024
372,Blyth,57,Genderqueer,9/28/2023
373,Lovewell,18,Male,11/14/2023
374,Terrell,36,Genderqueer,5/10/2023
375,Allbut,65,Female,9/29/2023
376,Blinkhorn,42,Male,4/16/2023
377,Peasee,62,Male,8/4/2023
378,Rodwell,11,Female,8/22/2023
379,Summerfield,58,Female,12/28/2023
380,Breydin,1,Female,7/27/2023
381,Harsum,14,Male,4/8/2024
382,Double,13,Male,11/5/2023
383,Jobin,35,Female,10/30/2023
384,Firpo,15,Female,4/24/2023
385,Gaucher,9,Male,3/31/2024
386,Stubbley,39,Male,2/10/2024
387,Losbie,72,Genderfluid,3/27/2024
388,Dorkin,12,Female,8/9/2023
389,Kermannes,37,Female,7/25/2023
390,Mallalieu,63,Male,8/26/2023
391,Casiroli,57,Male,9/30/2023
392,Quayle,86,Female,12/26/2023
393,Playford,6,Male,6/3/2023
394,Clemmitt,35,Female,3/24/2024
395,Sarvar,60,Female,4/1/2024
396,Springett,53,Male,10/15/2023
397,Mattiato,67,Male,5/20/2023
398,Walster,66,Male,9/21/2023
399,January,95,Female,2/18/2024
400,Dealy,91,Male,7/3/2023
401,Prisley,4,Female,7/20/2023
402,Wiley,16,Male,11/3/2023
403,Weepers,41,Male,12/14/2023
404,McCumesky,91,Female,3/25/2024
405,Barnewall,91,Female,8/28/2023
406,Filipputti,35,Male,2/7/2024
407,Hardwin,74,Female,8/22/2023
408,Backman,74,Female,4/14/2024
409,Kyne,62,Polygender,9/29/2023
410,Mosen,34,Male,9/23/2023
411,Ponten,38,Female,11/26/2023
412,Callander,58,Female,9/7/2023
413,Saywood,64,Male,6/24/2023
414,Fishbourne,36,Female,3/27/2024
415,Dowgill,53,Female,5/20/2023
416,Simoneton,28,Male,10/14/2023
417,Peddar,48,Male,6/22/2023
418,Mutimer,72,Female,5/29/2023
419,Shulem,45,Male,1/20/2024
420,Ludford,83,Female,10/16/2023
421,O'Neal,62,Female,11/9/2023
422,Rodgier,4,Male,1/3/2024
423,Leeson,42,Female,1/30/2024
424,Westbrook,40,Male,10/4/2023
425,Balwin,14,Female,12/28/2023
426,Gaddie,100,Female,5/18/2023
427,Hedger,37,Male,8/2/2023
428,McLuckie,64,Male,4/2/2024
429,Beeck,24,Female,12/26/2023
430,Artinstall,21,Male,8/22/2023
431,Bottom,55,Female,9/20/2023
432,Duffil,86,Male,2/25/2024
433,Shawdforth,9,Male,4/1/2024
434,Hickeringill,83,Male,12/5/2023
435,Haylock,19,Male,7/10/2023
436,Rannigan,92,Male,9/22/2023
437,Niemetz,60,Male,6/17/2023
438,O'Conor,72,Male,11/20/2023
439,Thomerson,24,Female,6/1/2023
440,Fouldes,83,Male,7/15/2023
441,Cunningham,86,Female,9/28/2023
442,Savell,51,Female,6/25/2023
443,Wilshere,55,Male,4/24/2023
444,Kalisch,90,Male,10/2/2023
445,Lombard,2,Male,11/8/2023
446,Natalie,40,Female,2/12/2024
447,Brough,38,Agender,4/21/2023
448,Reddington,89,Agender,4/28/2023
449,Hindes,46,Female,7/16/2023
450,Bindin,38,Female,11/14/2023
451,Slater,31,Female,10/23/2023
452,Matonin,32,Male,6/15/2023
453,Lamont,6,Female,3/8/2024
454,Mattersey,42,Female,9/8/2023
455,Haythornthwaite,71,Female,2/26/2024
456,Le Fleming,97,Male,4/23/2023
457,Arpino,23,Male,5/26/2023
458,Lippiello,92,Male,9/15/2023
459,Buxton,94,Male,8/10/2023
460,Bewick,48,Male,2/15/2024
461,Kilduff,7,Male,12/13/2023
462,Vigours,61,Female,8/22/2023
463,Churchman,63,Female,3/30/2024
464,Giraudo,67,Male,8/14/2023
465,Abbatini,94,Female,1/21/2024
466,Helstrom,30,Female,1/18/2024
467,Stalf,11,Male,1/16/2024
468,Carrack,31,Female,12/16/2023
469,Buye,66,Female,5/20/2023
470,Boram,81,Female,10/27/2023
471,Tomaskunas,83,Female,4/2/2024
472,Tieraney,39,Female,12/7/2023
473,Gowry,62,Male,4/21/2023
474,Wynrehame,33,Female,6/23/2023
475,Kirwood,4,Polygender,2/26/2024
476,Georgot,82,Male,1/5/2024
477,Jarry,74,Female,5/31/2023
478,Gingle,91,Male,9/12/2023
479,Akitt,79,Female,2/6/2024
480,Davidoff,29,Non-binary,10/30/2023
481,Habberjam,30,Male,3/12/2024
482,Johnstone,94,Female,3/2/2024
483,Levicount,70,Male,2/11/2024
484,Cockling,35,Male,5/13/2023
485,Culleford,5,Female,6/19/2023
486,Harbinson,87,Male,11/13/2023
487,Redford,98,Female,2/23/2024
488,Mattersley,4,Male,12/20/2023
489,Mannering,47,Female,2/5/2024
490,Neissen,90,Female,9/29/2023
491,Berni,5,Female,2/3/2024
492,Tinston,34,Male,1/17/2024
493,Standidge,84,Female,1/9/2024
494,Keijser,64,Male,7/10/2023
495,Khalid,48,Female,1/31/2024
496,Jeff,68,Female,4/5/2024
497,Pridding,14,Male,1/3/2024
498,Hatchett,81,Female,12/19/2023
499,Vanyashin,92,Male,7/8/2023
500,McCormack,33,Male,3/6/2024
501,Threadgall,28,Female,4/26/2023
502,Blackman,75,Male,10/7/2023
503,Lasselle,43,Male,7/26/2023
504,Leehane,2,Male,6/5/2023
505,Arnholdt,28,Male,11/10/2023
506,Glencrash,91,Male,3/7/2024
507,Wagnerin,60,Male,6/8/2023
508,Westcot,76,Male,2/29/2024
509,Gostyke,94,Male,6/16/2023
510,Birdfield,7,Male,11/20/2023
511,Mesant,100,Female,3/5/2024
512,Galley,93,Female,6/24/2023
513,Fitzsimon,92,Female,5/14/2023
514,Paddick,3,Female,11/30/2023
515,Attwood,94,Male,11/13/2023
516,Ferrer,13,Female,2/23/2024
517,McNeigh,76,Male,8/12/2023
518,Kingston,16,Male,11/2/2023
519,Bunten,71,Genderqueer,5/16/2023
520,Ducaen,55,Female,10/13/2023
521,Rubinsaft,49,Agender,1/26/2024
522,Rohlfs,63,Female,3/3/2024
523,Bradmore,44,Female,1/5/2024
524,Jagiela,30,Male,12/20/2023
525,Brydell,64,Male,6/29/2023
526,Althrope,83,Male,10/27/2023
527,Milliken,7,Male,3/27/2024
528,Andrei,80,Female,8/23/2023
529,Shackell,14,Male,12/5/2023
530,Mattiassi,72,Male,5/14/2023
531,Daft,22,Bigender,6/22/2023
532,Dowthwaite,3,Male,11/4/2023
533,Karim,50,Male,6/17/2023
534,Borrill,28,Male,3/10/2024
535,Fitchew,74,Bigender,11/5/2023
536,Fricker,42,Female,9/2/2023
537,Cortez,88,Male,12/2/2023
538,Frenzel;,2,Male,6/25/2023
539,Hillin,97,Female,2/21/2024
540,Kaesmakers,73,Male,9/19/2023
541,Roper,77,Female,4/19/2023
542,Cozins,74,Male,5/21/2023
543,O'Lahy,35,Female,11/28/2023
544,Braybrook,25,Bigender,8/1/2023
545,Barendtsen,80,Male,2/16/2024
546,Bridat,25,Female,6/11/2023
547,Pollie,38,Female,8/26/2023
548,Blance,26,Female,2/29/2024
549,Lean,95,Male,5/20/2023
550,Dargavel,58,Female,1/14/2024
551,Haining,47,Female,1/3/2024
552,Kornousek,70,Male,11/6/2023
553,Finding,33,Genderfluid,6/7/2023
554,Janoschek,13,Male,5/23/2023
555,Edgeler,32,Male,1/3/2024
556,Jirus,59,Female,8/12/2023
557,Cronin,30,Female,9/16/2023
558,Shipman,42,Female,10/14/2023
559,Gillcrist,50,Female,4/3/2024
560,Hofer,50,Female,10/15/2023
561,Branford,82,Non-binary,4/13/2024
562,Moralas,13,Female,6/28/2023
563,Keme,49,Male,5/22/2023
564,Aaronson,64,Genderqueer,3/17/2024
565,Dootson,50,Female,6/18/2023
566,Dormer,2,Female,12/8/2023
567,McKeeman,91,Female,7/12/2023
568,Penni,21,Female,3/6/2024
569,Perschke,91,Male,3/15/2024
570,Flescher,38,Male,11/29/2023
571,Lancley,23,Female,3/16/2024
572,Milburn,83,Female,10/28/2023
573,Cromwell,80,Female,3/30/2024
574,Charge,86,Female,1/17/2024
575,Coppledike,70,Male,11/22/2023
576,Abendroth,68,Non-binary,9/8/2023
577,Hacquel,35,Male,8/11/2023
578,Boner,78,Male,10/1/2023
579,Latchmore,67,Male,9/9/2023
580,Cartmell,86,Male,9/15/2023
581,Crozier,22,Female,3/24/2024
582,Ivashev,25,Male,1/1/2024
583,Ivell,85,Male,2/16/2024
584,Arent,52,Female,8/2/2023
585,Gatley,89,Female,3/10/2024
586,Danis,45,Female,10/29/2023
587,Kilbourn,35,Male,12/8/2023
588,Entwisle,14,Male,2/11/2024
589,Dominguez,64,Male,5/26/2023
590,Guillart,28,Male,7/16/2023
591,Battelle,2,Female,9/28/2023
592,McIlrath,9,Female,7/23/2023
593,Nyssens,40,Male,8/25/2023
594,McCartan,24,Male,2/23/2024
595,McClure,47,Female,7/15/2023
596,Lehrer,58,Female,1/22/2024
597,Tanton,37,Female,10/24/2023
598,Ropkins,18,Female,12/6/2023
599,Alloisi,16,Female,3/1/2024
600,Hryskiewicz,82,Male,4/10/2024
601,Votier,21,Male,7/6/2023
602,McGennis,36,Polygender,10/5/2023
603,Karolovsky,63,Female,9/30/2023
604,Flobert,92,Female,2/29/2024
605,Nern,69,Bigender,3/24/2024
606,Gostall,99,Male,6/29/2023
607,Reitenbach,40,Female,10/11/2023
608,Southerell,1,Male,11/10/2023
609,Cowterd,32,Male,11/14/2023
610,Balazin,25,Female,7/18/2023
611,Woolgar,40,Male,6/13/2023
612,Maybery,46,Non-binary,8/18/2023
613,Edden,36,Female,2/1/2024
614,Di Carlo,98,Female,11/15/2023
615,Lindelof,20,Genderfluid,4/7/2024
616,Onge,94,Male,7/22/2023
617,Webburn,19,Male,5/18/2023
618,Capitano,54,Male,5/25/2023
619,Josh,89,Female,4/10/2024
620,Mitrovic,14,Female,8/28/2023
621,Adamowicz,78,Male,9/18/2023
622,MacGlory,44,Male,12/3/2023
623,Gilyott,13,Bigender,8/10/2023
624,Bowker,95,Genderfluid,7/15/2023
625,Gaffer,49,Agender,11/12/2023
626,McShee,41,Female,12/4/2023
627,Fidell,12,Female,9/3/2023
628,Kaye,64,Male,7/23/2023
629,Bauckham,40,Female,12/23/2023
630,Ennor,25,Male,11/26/2023
631,Akers,25,Female,4/22/2023
632,Glassborow,69,Male,6/22/2023
633,MacDunlevy,24,Female,1/3/2024
634,McNeely,88,Agender,2/19/2024
635,Hourston,61,Male,8/8/2023
636,Eddowis,49,Male,8/19/2023
637,de Keep,72,Non-binary,11/19/2023
638,Yegorkov,75,Male,8/13/2023
639,Rockhall,27,Female,9/1/2023
640,MacCourt,81,Male,8/4/2023
641,Palumbo,54,Agender,6/22/2023
642,Hennemann,46,Female,10/23/2023
643,Dawidowitz,78,Male,12/15/2023
644,Komorowski,28,Male,10/30/2023
645,Kybird,29,Female,8/21/2023
646,Duesbury,55,Female,4/20/2023
647,Morrott,69,Female,12/22/2023
648,Camosso,67,Male,8/30/2023
649,Parsons,39,Non-binary,2/9/2024
650,Digg,16,Male,9/7/2023
651,Smedmore,64,Female,1/10/2024
652,Mishow,13,Genderqueer,3/18/2024
653,Hacking,81,Male,3/21/2024
654,Brewers,81,Female,6/3/2023
655,Hanaby,71,Female,3/7/2024
656,Curr,84,Female,3/15/2024
657,Danahar,93,Male,3/6/2024
658,Arman,74,Female,4/12/2024
659,Polle,45,Male,1/7/2024
660,Pilipets,6,Male,4/17/2023
661,D'Aulby,26,Male,11/14/2023
662,Stellin,7,Male,12/8/2023
663,Dommersen,60,Female,1/5/2024
664,Bleackley,37,Female,6/20/2023
665,Swine,75,Agender,11/30/2023
666,Leyrroyd,75,Female,5/1/2023
667,Gaither,73,Male,8/1/2023
668,De Ferrari,6,Female,6/12/2023
669,Orcas,20,Male,12/26/2023
670,Poff,33,Male,7/1/2023
671,Nisen,5,Female,4/20/2023
672,Fri,57,Polygender,2/11/2024
673,Poker,61,Female,6/10/2023
674,Jeandillou,2,Female,4/1/2024
675,Garman,19,Male,9/17/2023
676,Conerding,16,Male,8/16/2023
677,Paynes,60,Male,12/12/2023
678,Pentony,67,Male,8/18/2023
679,Ludvigsen,74,Male,12/11/2023
680,Loxly,80,Male,7/15/2023
681,Gilffillan,28,Female,3/15/2024
682,Turmel,59,Female,12/5/2023
683,Clink,100,Female,5/11/2023
684,Kolak,59,Female,5/16/2023
685,Willbond,89,Female,7/13/2023
686,Drivers,29,Female,9/6/2023
687,Habbin,73,Female,7/8/2023
688,Iacomettii,56,Male,10/16/2023
689,Goomes,46,Female,3/31/2024
690,Wheeldon,69,Male,2/17/2024
691,Scutcheon,28,Male,4/7/2024
692,MacGillespie,77,Female,6/6/2023
693,Kelner,10,Male,10/31/2023
694,Grimstead,94,Male,7/23/2023
695,Spalton,23,Female,7/2/2023
696,Oiseau,42,Polygender,8/8/2023
697,Boddington,4,Female,5/21/2023
698,Binyon,69,Male,3/22/2024
699,Ritter,16,Male,9/1/2023
700,De Domenici,78,Polygender,9/23/2023
701,Kitlee,59,Female,9/20/2023
702,Banker,16,Male,3/1/2024
703,Di Giacomettino,8,Male,2/1/2024
704,Farrimond,99,Female,1/14/2024
705,Cranstone,38,Female,4/10/2024
706,Spreull,96,Genderqueer,10/10/2023
707,Burr,85,Male,3/22/2024
708,Inman,49,Female,8/23/2023
709,Mushett,81,Female,5/31/2023
710,Gladding,80,Female,9/28/2023
711,Herity,33,Female,10/30/2023
712,Bramwell,1,Genderfluid,11/5/2023
713,Forgan,78,Male,6/27/2023
714,Harnor,81,Male,2/18/2024
715,Leeuwerink,34,Female,4/8/2024
716,Phateplace,30,Male,2/12/2024
717,Colson,9,Female,3/15/2024
718,Menlove,58,Female,4/13/2024
719,Lytlle,2,Female,7/29/2023
720,Klemps,63,Male,11/11/2023
721,Beddard,23,Female,2/18/2024
722,Lapwood,45,Female,12/12/2023
723,Purves,67,Male,12/8/2023
724,Halifax,55,Male,11/9/2023
725,Bault,70,Female,5/2/2023
726,Skunes,67,Male,3/19/2024
727,Derye-Barrett,30,Male,7/8/2023
728,Glenn,80,Female,3/20/2024
729,Kenningham,14,Male,4/24/2023
730,McLucky,8,Male,9/24/2023
731,Segot,33,Female,1/1/2024
732,Dameisele,53,Male,12/7/2023
733,Mangham,41,Genderqueer,12/11/2023
734,Yeude,65,Female,4/20/2023
735,Hedaux,49,Male,3/25/2024
736,Fernan,77,Female,8/16/2023
737,Jozaitis,100,Male,8/8/2023
738,Reape,83,Female,4/6/2024
739,Greenman,90,Male,12/23/2023
740,Hallas,93,Female,4/13/2024
741,Rapi,45,Polygender,6/7/2023
742,Dalglish,54,Male,9/16/2023
743,Ingman,34,Male,2/9/2024
744,Denisovo,76,Female,11/21/2023
745,Fishbourne,17,Male,9/13/2023
746,Skuse,6,Male,2/1/2024
747,Ericssen,26,Agender,4/8/2024
748,Girauld,21,Male,2/18/2024
749,Darrel,96,Male,12/22/2023
750,Streather,13,Genderfluid,12/12/2023
751,Fanning,86,Female,4/5/2024
752,Moyler,5,Male,6/15/2023
753,Eadon,27,Male,9/22/2023
754,Iorns,22,Female,9/5/2023
755,Camsey,7,Female,4/8/2024
756,Machan,36,Male,8/16/2023
757,Schwand,10,Female,5/16/2023
758,Silliman,41,Male,12/30/2023
759,Filisov,53,Male,8/17/2023
760,Swadlin,7,Agender,1/27/2024
761,Rothermel,3,Male,1/14/2024
762,Serrels,98,Female,9/14/2023
763,Binning,44,Female,2/2/2024
764,Bradforth,7,Male,10/8/2023
765,Domino,32,Female,9/27/2023
766,Tipling,32,Female,7/8/2023
767,Turrell,81,Male,7/4/2023
768,Kingswold,94,Non-binary,8/8/2023
769,Sprankling,49,Male,7/28/2023
770,Meiningen,72,Male,10/10/2023
771,Sparham,51,Male,12/21/2023
772,Arnholdt,89,Male,12/4/2023
773,Spary,30,Male,12/9/2023
774,Bravington,16,Male,10/16/2023
775,de Verson,44,Female,2/5/2024
776,Pancoust,14,Genderqueer,5/16/2023
777,Mander,9,Male,11/30/2023
778,Sedger,17,Male,9/1/2023
779,Hamerton,49,Male,4/4/2024
780,Addekin,97,Female,4/3/2024
781,Eustice,51,Male,1/22/2024
782,Averill,11,Female,2/10/2024
783,Farans,94,Male,2/20/2024
784,Bruck,95,Male,7/16/2023
785,Pratten,72,Male,3/29/2024
786,Sarch,7,Male,6/10/2023
787,Hessenthaler,59,Female,7/15/2023
788,Unthank,23,Male,6/28/2023
789,Rattenbury,11,Female,5/20/2023
790,Martinuzzi,59,Female,8/5/2023
791,Farrear,90,Female,8/5/2023
792,Battle,7,Female,2/18/2024
793,Espasa,94,Female,11/1/2023
794,Bartholat,6,Genderfluid,10/8/2023
795,Momery,79,Male,10/30/2023
796,Berthel,93,Female,8/25/2023
797,MacTague,2,Female,11/4/2023
798,Broker,65,Male,1/25/2024
799,Stiell,95,Female,12/14/2023
800,Hawkwood,3,Female,3/27/2024
801,Meller,80,Male,12/16/2023
802,Letson,99,Polygender,8/28/2023
803,Spelsbury,61,Female,9/28/2023
804,Eborn,72,Female,3/1/2024
805,Garrettson,27,Male,4/11/2024
806,Aberdeen,94,Male,4/4/2024
807,Feld,17,Genderqueer,1/30/2024
808,Sunshine,94,Female,7/3/2023
809,Hughes,15,Non-binary,5/27/2023
810,Baumann,93,Male,4/1/2024
811,Langrick,29,Female,9/17/2023
812,Matteuzzi,76,Male,4/3/2024
813,Stive,96,Female,11/29/2023
814,Scorey,9,Male,12/2/2023
815,Klinck,9,Male,9/18/2023
816,Croxford,27,Male,3/8/2024
817,Yeiles,60,Female,10/21/2023
818,O'Donovan,3,Male,9/6/2023
819,Corain,27,Male,3/12/2024
820,Ditch,92,Non-binary,7/31/2023
821,O'Geneay,13,Male,7/17/2023
822,McBeith,64,Female,8/4/2023
823,Tothe,64,Male,7/23/2023
824,Holley,47,Female,1/27/2024
825,Meany,36,Male,9/7/2023
826,Sute,97,Female,7/13/2023
827,Feldbau,14,Male,11/3/2023
828,Botten,47,Female,12/26/2023
829,Maior,32,Female,10/24/2023
830,Hammant,93,Agender,12/24/2023
831,Crate,55,Male,4/23/2023
832,McHan,92,Female,5/14/2023
833,Viccars,52,Female,12/27/2023
834,Hearnden,63,Female,9/22/2023
835,Tourot,39,Female,12/1/2023
836,Wison,68,Male,9/26/2023
837,Dymocke,56,Female,5/17/2023
838,Cowterd,55,Male,5/5/2023
839,Imos,4,Male,4/21/2023
840,Lambkin,23,Female,7/8/2023
841,Aspey,36,Polygender,4/11/2024
842,Aynold,6,Female,3/10/2024
843,Harman,73,Female,3/20/2024
844,Dytham,20,Male,3/9/2024
845,Heningam,12,Bigender,5/24/2023
846,Parmley,80,Female,7/23/2023
847,Syddie,38,Male,11/17/2023
848,Peret,74,Female,11/29/2023
849,Mulchrone,38,Male,3/23/2024
850,Dudbridge,22,Male,11/2/2023
851,Mathys,81,Male,4/7/2024
852,Harbisher,53,Female,12/11/2023
853,Vautrey,37,Genderfluid,10/11/2023
854,Muffett,89,Male,9/12/2023
855,Beaton,48,Male,10/15/2023
856,Beckson,41,Genderqueer,12/17/2023
857,Moretto,29,Female,12/22/2023
858,Christensen,81,Male,5/28/2023
859,Elbourne,47,Male,1/10/2024
860,Challener,8,Male,9/4/2023
861,Tzuker,82,Male,12/17/2023
862,Inkpin,85,Bigender,7/18/2023
863,Huggan,99,Male,4/17/2023
864,Padkin,3,Female,5/3/2023
865,Chilcott,100,Male,6/9/2023
866,Stud,99,Male,7/6/2023
867,Baldetti,83,Female,6/22/2023
868,Keune,19,Male,11/25/2023
869,Canelas,76,Female,4/11/2024
870,Dederick,22,Male,7/5/2023
871,Attwater,93,Male,8/25/2023
872,Doddrell,97,Female,7/8/2023
873,MacFadzean,36,Male,9/16/2023
874,Jailler,35,Female,3/27/2024
875,Moseley,83,Non-binary,6/5/2023
876,Bultitude,97,Female,6/7/2023
877,Billows,67,Male,2/28/2024
878,Peirone,1,Female,4/14/2024
879,Emnoney,87,Female,9/20/2023
880,Hackforth,87,Male,6/25/2023
881,Blyde,8,Female,11/7/2023
882,Remon,63,Male,7/29/2023
883,Benton,98,Polygender,5/5/2023
884,McGeraghty,21,Male,4/22/2023
885,Gosselin,19,Genderqueer,7/23/2023
886,Gladwell,8,Male,12/10/2023
887,Speerman,52,Female,11/22/2023
888,Giggie,6,Female,2/26/2024
889,Meffin,24,Male,3/5/2024
890,McGlade,3,Female,12/24/2023
891,Abate,67,Bigender,8/9/2023
892,Napolitano,2,Female,4/23/2023
893,Dougliss,96,Female,1/26/2024
894,Ciccottini,21,Male,10/30/2023
895,Durrant,94,Male,4/25/2023
896,Chitter,28,Male,9/20/2023
897,Bodicum,51,Female,4/20/2023
898,Burridge,79,Male,7/16/2023
899,Ride,47,Female,1/15/2024
900,Izzett,65,Female,8/5/2023
901,Whild,52,Female,10/26/2023
902,Chipman,77,Polygender,3/6/2024
903,Limpricht,86,Male,9/30/2023
904,Olyet,55,Female,5/19/2023
905,Demougeot,32,Female,7/28/2023
906,Fishbie,18,Female,8/5/2023
907,Greenly,69,Male,1/12/2024
908,Greathead,35,Female,6/26/2023
909,Bedwell,90,Female,12/6/2023
910,Surcomb,23,Female,4/29/2023
911,Thoumasson,48,Male,2/20/2024
912,Walas,10,Female,6/9/2023
913,Pammenter,39,Male,3/7/2024
914,Count,38,Female,1/17/2024
915,MacNamee,64,Male,9/1/2023
916,Schottli,52,Male,3/18/2024
917,Fattorini,11,Female,12/7/2023
918,McIlreavy,51,Male,2/2/2024
919,Rhead,13,Male,1/8/2024
920,Burkert,75,Female,4/29/2023
921,Skewes,57,Non-binary,1/29/2024
922,Bengough,18,Male,7/3/2023
923,Hendrickx,47,Female,4/18/2023
924,Threadgill,29,Genderfluid,11/5/2023
925,Ribbens,81,Male,9/28/2023
926,Mossman,82,Male,2/3/2024
927,Lippitt,91,Male,9/9/2023
928,Butcher,35,Male,7/26/2023
929,Yapp,39,Female,2/23/2024
930,Gobert,19,Female,10/30/2023
931,Endley,5,Male,1/17/2024
932,Bordessa,82,Female,2/22/2024
933,Shevlane,40,Male,2/27/2024
934,Mullin,93,Genderqueer,9/12/2023
935,Donahue,30,Male,8/7/2023
936,Saltsberg,6,Male,9/11/2023
937,Gorger,33,Genderqueer,3/27/2024
938,Blacker,90,Male,12/17/2023
939,Pieche,66,Female,8/23/2023
940,Naisby,89,Male,10/11/2023
941,Fearenside,47,Male,10/19/2023
942,Bullimore,79,Female,4/30/2023
943,Ollier,22,Male,2/9/2024
944,Telezhkin,12,Female,1/23/2024
945,De Cleen,41,Male,7/17/2023
946,Twopenny,80,Male,10/27/2023
947,Sergeant,32,Male,12/6/2023
948,Garaghan,24,Male,3/7/2024
949,Mardling,37,Male,10/10/2023
950,Moyse,79,Male,1/25/2024
951,Hanscom,41,Female,4/18/2023
952,A'Barrow,95,Female,2/8/2024
953,Hearley,50,Genderfluid,10/3/2023
954,Childe,56,Female,10/9/2023
955,McCambrois,10,Male,4/22/2023
956,Reihm,60,Female,1/19/2024
957,Sandle,31,Male,9/24/2023
958,Golby,70,Female,4/8/2024
959,Yablsley,25,Male,2/20/2024
960,Ranken,54,Male,6/13/2023
961,Sprott,77,Female,9/20/2023
962,Hathaway,11,Female,11/14/2023
963,Shalders,73,Female,6/11/2023
964,Heine,73,Male,12/31/2023
965,Saywood,33,Male,7/8/2023
966,Lambis,63,Female,9/10/2023
967,Crickett,8,Female,8/14/2023
968,Fibbings,67,Bigender,3/18/2024
969,Spofforth,85,Female,9/16/2023
970,Ummfrey,66,Male,4/28/2023
971,Vinter,59,Female,8/21/2023
972,Bankhurst,65,Male,1/19/2024
973,Gilkes,81,Male,8/26/2023
974,Pie,51,Female,9/10/2023
975,Westhoff,70,Male,9/21/2023
976,Mallabon,22,Female,7/28/2023
977,Wilgar,46,Male,3/21/2024
978,MacDonald,63,Genderqueer,10/9/2023
979,Lebang,9,Male,4/13/2024
980,Samarth,92,Male,1/31/2024
981,Lambin,32,Female,10/31/2023
982,Pyrton,70,Polygender,4/14/2024
983,O'Hegertie,97,Female,11/4/2023
984,Ebbitt,24,Male,12/18/2023
985,Rowena,44,Female,1/9/2024
986,Enoch,46,Female,8/3/2023
987,Peerman,82,Female,12/17/2023
988,Nevill,77,Female,5/19/2023
989,Chedzoy,97,Male,6/30/2023
990,Signe,59,Female,2/27/2024
991,Vankin,63,Male,12/31/2023
992,Jeffryes,44,Female,3/11/2024
993,McGee,66,Male,5/18/2023
994,Rickis,98,Female,8/14/2023
995,Ockland,22,Female,5/23/2023
996,Lammerts,47,Male,7/20/2023
997,Newark,78,Female,8/14/2023
998,Canaan,11,Female,11/27/2023
999,Wallett,89,Male,12/18/2023
1000,Duck,51,Male,5/1/2023
