no,name,school,grade,gender,kor,eng,math,SW
1,Paddy,디지털고,1,Male,80,98,70,C
2,Harlie,구로고,3,Female,82,90,86,""
3,Mufi,구로고,4,Female,73,50,54,python
4,Abbey,구로고,3,Male,87,77,75,Java
5,Abagail,디지털고,1,Female,89,64,97,Java
6,Kaia,구로고,4,Female,58,70,81,python
7,Maje,디지털고,2,Male,82,75,56,Java
8,Gasparo,단지고,4,Male,54,93,79,javascript
9,Eudora,디지털고,3,Female,86,75,81,""
10,Fanya,구로고,4,Female,71,94,64,C
11,Tulley,단지고,1,Male,71,67,89,C
12,Fairlie,단지고,4,Male,51,65,52,""
13,Diena,구로고,4,Female,56,66,52,""
14,Louisette,단지고,3,Female,52,56,87,javascript
15,Abbe,구로고,1,Female,97,86,66,python
16,Vina,구로고,3,Female,74,83,84,""
17,Martelle,구로고,4,Female,70,100,90,C
18,Hale,단지고,1,Male,94,100,56,python
19,Peria,구로고,2,Female,99,74,79,""
20,Grady,단지고,3,Male,81,83,93,Java
21,Maressa,단지고,4,Female,52,75,72,Java
22,Carlita,디지털고,4,Female,96,67,62,C
23,Ximenes,구로고,4,Male,93,85,75,Java
24,West,구로고,4,Male,52,59,60,javascript
25,Victor,단지고,1,Male,87,86,86,python
26,Kassia,디지털고,4,Female,90,87,68,javascript
27,Borden,구로고,4,Male,74,52,56,javascript
28,Hurley,구로고,4,Male,88,96,56,javascript
29,Blythe,구로고,3,Female,95,58,66,python
30,Jedediah,구로고,2,Male,78,52,93,javascript
31,Huntlee,단지고,3,Male,65,92,95,""
32,Nyssa,구로고,4,Female,94,69,68,C
33,Tera,디지털고,1,Female,74,96,76,C
34,Kate,단지고,4,Female,100,67,54,python
35,Tyrone,디지털고,3,Male,69,96,80,javascript
36,Paxton,디지털고,4,Male,50,99,70,javascript
37,Lorant,단지고,1,Male,55,80,51,python
38,Pearline,구로고,4,Female,92,61,77,python
39,Alain,단지고,4,Male,87,58,52,C
40,Margette,디지털고,2,Female,90,70,60,C
41,Judd,구로고,2,Male,83,63,51,python
42,Elli,구로고,1,Female,94,70,84,javascript
43,Aurilia,구로고,3,Female,90,85,86,python
44,Madge,구로고,3,Female,52,58,74,javascript
45,Anitra,디지털고,2,Female,90,83,56,python
46,Lindsey,디지털고,2,Male,80,53,86,python
47,Beau,디지털고,3,Male,80,64,88,C
48,Whitman,구로고,4,Male,99,70,72,Java
49,Louise,구로고,3,Female,92,90,79,python
50,Chrissy,단지고,4,Female,91,50,79,javascript
51,Corbie,구로고,4,Male,98,74,73,Java
52,Clarice,구로고,2,Female,52,90,69,C
53,Carolus,디지털고,4,Male,63,87,50,""
54,Cecile,단지고,2,Female,57,51,79,""
55,Tracie,단지고,2,Male,100,59,66,javascript
56,Gardner,디지털고,1,Male,62,98,72,javascript
57,Archer,단지고,2,Male,91,61,97,C
58,Cyndie,구로고,1,Female,69,74,91,python
59,Gustavo,구로고,3,Male,84,99,97,javascript
60,Silvester,디지털고,2,Male,62,64,57,javascript
61,Tremayne,디지털고,1,Male,87,84,71,Java
62,Benito,단지고,1,Male,62,80,68,C
63,Lira,디지털고,2,Female,76,73,89,python
64,Rhona,구로고,1,Female,73,81,54,""
65,Vanessa,단지고,3,Female,97,59,69,javascript
66,Mohandis,구로고,2,Male,89,55,100,C
67,Cary,단지고,4,Male,70,74,80,python
68,Conny,구로고,1,Male,69,93,68,C
69,Sarajane,디지털고,1,Female,52,52,92,Java
70,Brandie,단지고,3,Female,51,60,70,C
71,La verne,구로고,1,Female,78,75,99,Java
72,Pooh,디지털고,1,Female,99,62,78,Java
73,Shalom,구로고,4,Male,76,74,99,python
74,Mandie,구로고,2,Female,74,96,70,Java
75,Alexa,단지고,3,Female,70,72,60,Java
76,Hailey,구로고,3,Male,93,93,62,C
77,Filip,단지고,4,Male,67,97,83,""
78,Ofelia,구로고,3,Female,59,73,53,Java
79,Dermot,구로고,3,Male,87,93,89,Java
80,Barby,구로고,3,Female,76,91,72,python
81,Gayler,구로고,3,Male,75,95,92,""
82,Carmina,구로고,1,Female,54,81,91,javascript
83,George,단지고,4,Male,97,58,74,javascript
84,Hamil,구로고,2,Male,66,69,90,python
85,Siouxie,단지고,1,Female,51,63,62,C
86,Chandler,구로고,4,Male,85,85,60,Java
87,Laurianne,단지고,2,Female,96,57,66,C
88,Reider,디지털고,1,Male,63,62,52,javascript
89,Lindon,단지고,1,Male,54,60,68,Java
90,Liam,구로고,3,Male,100,84,98,C
91,Lovell,디지털고,2,Male,69,56,72,javascript
92,Danya,단지고,1,Male,53,64,97,Java
93,Bernie,구로고,3,Male,100,87,51,javascript
94,Lauren,디지털고,4,Female,53,67,57,C
95,Sawyer,구로고,4,Male,90,76,81,python
96,Fran,단지고,4,Male,75,84,58,Java
97,Juli,디지털고,1,Female,91,97,64,Java
98,Roosevelt,단지고,1,Male,63,100,57,Java
99,Theodosia,구로고,3,Female,72,79,90,""
100,Orsola,구로고,4,Female,56,65,76,javascript
101,Kaila,단지고,3,Female,84,51,94,python
102,Patsy,구로고,1,Female,97,60,100,javascript
103,Shermy,디지털고,3,Male,72,70,66,python
104,Francisca,단지고,4,Female,58,70,93,""
105,Web,디지털고,1,Male,80,63,86,python
106,Blayne,디지털고,4,Male,96,73,77,python
107,Tabbie,구로고,2,Male,90,81,98,""
108,Jon,디지털고,3,Male,91,70,55,""
109,Twila,구로고,4,Female,99,72,55,C
110,Pasquale,구로고,2,Male,86,92,67,C
111,Si,구로고,3,Male,66,94,60,javascript
112,Tomi,단지고,2,Female,67,74,99,C
113,Benson,구로고,3,Male,51,51,73,C
114,Ebony,단지고,2,Female,88,95,100,C
115,Arabel,단지고,4,Female,91,52,64,""
116,Grannie,단지고,2,Male,53,73,88,C
117,Lief,디지털고,3,Male,59,90,95,Java
118,Marion,디지털고,4,Female,57,83,96,javascript
119,Kareem,디지털고,2,Male,70,93,91,""
120,Reyna,디지털고,4,Female,53,85,63,python
121,Bendick,디지털고,2,Male,84,65,51,C
122,Sibyl,디지털고,3,Female,61,64,51,javascript
123,Frederik,디지털고,2,Male,73,77,76,""
124,Claudine,디지털고,3,Female,71,68,67,""
125,Perkin,단지고,2,Male,97,81,69,javascript
126,Arleyne,구로고,4,Female,90,76,92,Java
127,Maggi,디지털고,3,Female,99,56,98,""
128,Connie,단지고,1,Male,76,74,53,python
129,Shalom,구로고,3,Male,66,57,74,javascript
130,Pernell,디지털고,1,Male,60,71,84,Java
131,Liana,구로고,2,Female,77,79,67,javascript
132,Elliot,단지고,2,Male,88,60,83,python
133,Gilligan,구로고,1,Female,50,89,82,python
134,Noll,단지고,2,Male,80,99,61,javascript
135,Jennine,구로고,3,Female,74,70,92,Java
136,Waylan,구로고,2,Male,61,79,100,python
137,Millie,구로고,3,Female,54,79,51,C
138,Ross,디지털고,4,Male,79,60,51,C
139,Lynde,단지고,2,Female,88,66,55,Java
140,Michelle,구로고,3,Female,95,52,56,C
141,Mose,단지고,2,Male,67,58,78,python
142,Nathanial,단지고,1,Male,94,65,95,C
143,Quinn,단지고,2,Male,63,59,98,Java
144,Allis,디지털고,3,Female,56,50,87,C
145,Kristian,단지고,3,Male,73,74,59,Java
146,Olly,단지고,4,Female,56,59,96,python
147,Lemmy,단지고,4,Male,93,68,79,C
148,Erica,단지고,4,Female,69,73,85,""
149,Tuckie,구로고,3,Male,80,88,67,python
150,Kaspar,디지털고,1,Male,95,77,59,javascript
151,Rutger,단지고,1,Male,74,100,96,C
152,Hallsy,디지털고,1,Male,67,98,98,""
153,Nevins,구로고,1,Male,90,92,50,""
154,Bev,단지고,2,Male,89,73,62,C
155,Gregoor,디지털고,4,Male,64,57,95,Java
156,Johnnie,디지털고,2,Male,71,56,98,javascript
157,Tally,구로고,1,Female,100,72,61,javascript
158,Georgeanna,디지털고,2,Female,74,59,58,Java
159,Aprilette,디지털고,4,Female,74,70,93,C
160,Alyssa,단지고,4,Female,97,73,97,javascript
161,Holly,단지고,2,Female,60,76,77,C
162,Granny,구로고,1,Male,64,50,63,python
163,Arlen,단지고,1,Male,67,59,76,Java
164,Willy,구로고,4,Male,63,86,75,C
165,Edward,구로고,3,Male,59,63,86,""
166,Sena,단지고,1,Female,73,51,80,""
167,Rachael,단지고,3,Female,67,76,98,C
168,Olwen,구로고,1,Female,57,65,75,Java
169,Simone,단지고,2,Male,64,77,81,python
170,Lowrance,디지털고,2,Male,98,88,85,""
171,Gar,구로고,1,Male,82,81,84,python
172,Jefferson,구로고,4,Male,98,74,77,python
173,Kayne,구로고,2,Male,87,87,65,C
174,Marnia,디지털고,3,Female,65,73,50,""
175,Sonni,구로고,1,Female,56,74,58,Java
176,Henryetta,디지털고,1,Female,51,91,74,Java
177,Boony,구로고,2,Male,93,64,57,javascript
178,Bobbye,구로고,4,Female,93,76,84,C
179,Damon,단지고,1,Male,76,89,100,python
180,Romeo,디지털고,1,Male,66,83,75,javascript
181,Giavani,구로고,3,Male,52,71,95,""
182,Phaidra,단지고,4,Female,76,84,54,C
183,Godart,구로고,4,Male,92,66,76,C
184,Clarissa,디지털고,2,Female,80,57,99,python
185,Rudolfo,구로고,1,Male,99,58,51,javascript
186,Lind,구로고,4,Male,88,98,76,""
187,Brion,구로고,4,Male,54,72,96,javascript
188,Cyndy,디지털고,2,Female,62,100,81,Java
189,Goddard,단지고,3,Male,63,87,53,javascript
190,Cordy,디지털고,4,Female,99,91,61,C
191,Scottie,구로고,3,Male,81,64,91,""
192,Rustin,단지고,3,Male,51,84,73,C
193,Druci,디지털고,4,Female,92,51,100,""
194,Celesta,구로고,4,Female,85,77,54,python
195,Johnnie,구로고,2,Male,84,57,81,python
196,Jill,단지고,2,Female,62,70,55,Java
197,Hamid,디지털고,3,Male,83,94,100,python
198,Ulric,디지털고,4,Male,73,64,61,""
199,Meara,디지털고,1,Female,92,73,92,""
200,Hasty,구로고,3,Male,93,60,64,C
201,Isis,단지고,4,Female,67,82,57,C
202,Domingo,디지털고,4,Male,88,89,50,""
203,Winny,단지고,3,Female,55,94,73,""
204,Israel,단지고,3,Male,92,66,86,Java
205,Dalt,디지털고,4,Male,72,87,68,python
206,Alejoa,디지털고,3,Male,62,70,77,Java
207,Abe,단지고,1,Male,74,88,71,""
208,Lennard,구로고,3,Male,61,99,86,python
209,Charline,단지고,3,Female,97,84,86,C
210,Haley,구로고,1,Male,82,82,89,python
211,Jess,구로고,2,Female,50,84,66,""
212,Hubert,디지털고,3,Male,60,63,70,javascript
213,Domenic,디지털고,4,Male,73,71,84,javascript
214,Philippine,구로고,1,Female,50,65,100,python
215,Storm,단지고,1,Female,55,86,60,""
216,Sampson,단지고,4,Male,95,75,63,""
217,Othella,단지고,4,Female,59,81,55,Java
218,Bobbette,디지털고,1,Female,58,84,70,""
219,Kerrill,구로고,2,Female,58,60,83,javascript
220,Sloan,단지고,3,Male,51,69,71,Java
221,Thadeus,구로고,3,Male,59,75,90,C
222,Charlton,구로고,2,Male,76,97,83,Java
223,Brennen,구로고,3,Male,80,85,70,C
224,Genvieve,구로고,2,Female,70,93,63,Java
225,Bartolemo,단지고,3,Male,84,85,88,""
226,Leonard,디지털고,2,Male,56,89,57,C
227,Garrik,구로고,3,Male,69,82,87,javascript
228,Ferdie,디지털고,2,Male,74,88,82,C
229,Dionysus,디지털고,1,Male,75,88,78,C
230,Teresa,디지털고,4,Female,57,94,94,javascript
231,Rupert,단지고,2,Male,89,78,74,C
232,Sheba,단지고,3,Female,55,88,64,C
233,Husein,디지털고,3,Male,81,72,63,""
234,Earl,구로고,1,Male,84,69,63,python
235,Rubin,단지고,4,Male,78,66,60,javascript
236,Sanderson,단지고,1,Male,69,96,84,Java
237,Lorrayne,디지털고,1,Female,92,87,69,C
238,Shelba,디지털고,1,Female,81,92,61,""
239,Rick,디지털고,3,Male,69,69,92,C
240,Viviyan,구로고,4,Female,60,83,94,Java
241,Cross,구로고,1,Male,65,83,83,python
242,Carine,구로고,2,Female,100,95,77,Java
243,Lisle,단지고,1,Male,80,56,71,javascript
244,Bidget,구로고,3,Female,54,98,87,python
245,Dorie,구로고,4,Female,87,95,75,javascript
246,Case,단지고,2,Male,94,99,78,""
247,Vachel,구로고,4,Male,78,82,69,javascript
248,Thane,디지털고,2,Male,93,98,57,javascript
249,Taryn,구로고,4,Female,73,84,51,""
250,Ardene,구로고,3,Female,69,94,60,javascript
251,Stacy,디지털고,4,Male,61,87,99,C
252,Jerrome,단지고,3,Male,85,96,54,python
253,Merline,구로고,2,Female,68,93,94,C
254,Rodi,디지털고,3,Female,76,71,76,C
255,Jerrie,디지털고,4,Male,59,51,56,C
256,Gardener,단지고,4,Male,72,53,61,Java
257,Cesare,구로고,4,Male,77,51,85,python
258,Holly,디지털고,1,Female,64,58,56,python
259,Romeo,단지고,4,Male,68,100,94,""
260,Thorndike,디지털고,2,Male,78,50,55,C
261,Raimundo,디지털고,3,Male,73,91,60,""
262,Constancy,구로고,3,Female,51,53,88,C
263,Gamaliel,구로고,4,Male,57,87,90,C
264,Blancha,디지털고,1,Female,55,96,85,javascript
265,Estevan,단지고,3,Male,95,83,61,javascript
266,Gallard,디지털고,1,Male,65,62,86,Java
267,Dewain,디지털고,1,Male,58,91,53,""
268,Aurelea,구로고,1,Female,54,87,86,Java
269,Oberon,디지털고,2,Male,77,94,63,C
270,Job,디지털고,2,Male,89,66,86,""
271,Geralda,디지털고,3,Female,83,84,67,javascript
272,Bentley,구로고,2,Male,86,59,92,C
273,Tierney,단지고,4,Female,50,71,86,""
274,Cymbre,구로고,2,Female,96,95,54,C
275,Dulcinea,구로고,2,Female,66,82,70,Java
276,Gabriel,디지털고,4,Male,82,52,76,python
277,Nathalie,디지털고,2,Female,77,68,94,C
278,Harcourt,구로고,4,Male,70,86,67,""
279,Dusty,구로고,2,Female,91,80,74,javascript
280,Herbie,디지털고,3,Male,95,88,55,""
281,Rebecca,디지털고,3,Female,55,70,53,javascript
282,Adams,구로고,3,Male,76,59,96,C
283,Kathlin,단지고,2,Female,88,62,50,Java
284,Harriette,단지고,2,Female,63,92,83,""
285,Cristian,단지고,2,Male,72,51,80,python
286,Denys,디지털고,3,Male,86,97,81,C
287,Brice,단지고,3,Male,100,90,79,C
288,Rudd,단지고,3,Male,57,58,75,Java
289,Joshia,구로고,2,Male,59,63,86,python
290,Petronilla,단지고,4,Female,87,92,81,Java
291,Dana,디지털고,1,Female,94,51,77,javascript
292,Horace,디지털고,1,Male,64,75,74,python
293,Cynthie,구로고,2,Female,88,55,99,python
294,Torrie,구로고,3,Female,57,52,67,""
295,Greggory,디지털고,1,Male,55,59,90,""
296,Fiann,디지털고,4,Female,61,65,54,""
297,Hart,구로고,2,Male,53,53,78,C
298,Anthe,구로고,3,Female,74,76,97,C
299,Rolf,구로고,2,Male,71,67,95,C
300,Micky,구로고,2,Female,75,56,59,""
301,Fowler,단지고,2,Male,82,68,99,python
302,Dominique,디지털고,2,Female,54,78,92,C
303,Samaria,단지고,3,Female,63,99,74,""
304,Judah,디지털고,1,Male,54,65,64,""
305,Thaddus,디지털고,2,Male,69,67,78,""
306,Justis,단지고,2,Male,89,83,75,javascript
307,Colman,구로고,3,Male,65,54,54,""
308,Juan,구로고,4,Male,66,96,68,""
309,Jerrilyn,단지고,2,Female,76,90,55,""
310,Alaine,디지털고,1,Female,62,97,75,Java
311,Allyn,단지고,1,Male,54,60,51,Java
312,Jermain,단지고,4,Male,92,67,100,C
313,Cleavland,구로고,4,Male,67,76,57,Java
314,Cassondra,단지고,1,Female,54,85,68,C
315,Eduino,단지고,2,Male,79,67,77,""
316,Ximenes,디지털고,2,Male,89,83,89,python
317,Kerrie,디지털고,3,Female,54,72,75,C
318,Genevra,디지털고,2,Female,97,65,90,""
319,Lara,단지고,4,Female,77,86,96,Java
320,Viole,디지털고,4,Female,76,92,67,Java
321,Ashli,구로고,4,Female,55,93,94,C
322,Bartie,단지고,4,Male,62,59,65,python
323,Denna,디지털고,3,Female,72,65,80,python
324,Moria,구로고,2,Female,93,53,80,python
325,Nevin,단지고,1,Male,98,85,84,Java
326,Shandee,디지털고,4,Female,67,71,94,python
327,Gherardo,디지털고,1,Male,100,92,83,""
328,Yorgos,단지고,1,Male,78,50,63,""
329,Giuseppe,구로고,4,Male,60,67,60,Java
330,Riva,구로고,4,Female,67,75,99,javascript
331,Feliks,단지고,4,Male,83,56,82,C
332,Daron,디지털고,4,Male,91,78,79,C
333,Hilary,디지털고,3,Female,70,80,70,C
334,Theodore,디지털고,4,Male,65,97,56,python
335,Jerrine,단지고,1,Female,71,71,89,Java
336,Cindi,디지털고,4,Female,71,52,92,python
337,Rudolf,단지고,4,Male,67,90,93,Java
338,Rodge,디지털고,1,Male,100,90,73,javascript
339,Alfy,단지고,4,Male,98,93,94,javascript
340,Cassandre,디지털고,3,Female,62,56,50,""
341,Abbi,구로고,4,Female,57,74,80,""
342,Britte,단지고,1,Female,90,100,54,python
343,Karolina,구로고,2,Female,53,92,75,C
344,Johnna,구로고,2,Female,60,86,83,python
345,Koral,구로고,2,Female,91,67,64,python
346,Genevra,디지털고,2,Female,97,50,96,""
347,Robyn,구로고,3,Female,72,98,68,python
348,Shamus,구로고,2,Male,98,50,62,python
349,Travis,단지고,3,Male,53,96,60,Java
350,Kandy,디지털고,4,Female,52,77,72,javascript
351,Muffin,디지털고,2,Female,92,80,73,javascript
352,Jacquenette,디지털고,1,Female,87,51,55,""
353,Morton,디지털고,4,Male,83,99,84,C
354,Gui,구로고,3,Female,63,58,53,javascript
355,Maurise,단지고,2,Female,94,95,59,python
356,Sigfried,단지고,2,Male,55,64,54,python
357,Melania,단지고,2,Female,95,66,81,C
358,Nikolas,단지고,2,Male,66,88,95,python
359,Clovis,구로고,3,Female,69,74,70,javascript
360,Fred,디지털고,4,Male,75,61,59,Java
361,Tamra,디지털고,1,Female,72,91,81,Java
362,Fidole,구로고,3,Male,52,94,87,Java
363,Maryellen,단지고,2,Female,80,67,99,javascript
364,Tudor,디지털고,2,Male,66,65,66,C
365,Glenna,단지고,3,Female,93,58,92,python
366,Bernarr,디지털고,4,Male,97,51,74,Java
367,Janetta,구로고,4,Female,66,66,53,python
368,Clayborne,디지털고,3,Male,58,60,55,javascript
369,Livia,단지고,3,Female,78,95,100,""
370,Howard,디지털고,1,Male,53,60,84,""
371,Brena,구로고,3,Female,70,60,89,javascript
372,Tiffani,디지털고,4,Female,88,67,85,python
373,Clevey,구로고,1,Male,80,72,88,C
374,Neville,디지털고,3,Male,58,59,88,python
375,Gerrie,구로고,4,Male,72,99,92,Java
376,Reinald,단지고,4,Male,100,54,98,""
377,Teirtza,구로고,4,Female,59,81,85,python
378,Staford,디지털고,3,Male,76,67,92,python
379,Tasha,디지털고,3,Female,75,91,92,javascript
380,Cathee,구로고,3,Female,98,78,70,python
381,Sephira,단지고,3,Female,60,79,51,javascript
382,Susanetta,구로고,4,Female,76,62,98,Java
383,Windham,단지고,3,Male,66,97,92,python
384,Waiter,구로고,3,Male,99,95,64,Java
385,Enos,단지고,2,Male,81,60,91,python
386,Skipper,단지고,4,Male,86,99,64,C
387,Blondell,단지고,1,Female,64,71,53,javascript
388,Karlen,단지고,3,Female,96,58,75,javascript
389,Roarke,단지고,1,Male,73,89,71,""
390,Alaster,디지털고,4,Male,61,82,87,C
391,Biddy,디지털고,2,Female,50,50,60,C
392,Ulises,단지고,4,Male,83,87,79,Java
393,Ilsa,구로고,1,Female,53,66,57,""
394,Odille,단지고,1,Female,84,85,98,javascript
395,Saunderson,디지털고,2,Male,86,100,76,python
396,Opalina,디지털고,4,Female,97,75,90,python
397,Freemon,단지고,4,Male,54,87,96,javascript
398,Della,단지고,3,Female,88,64,76,javascript
399,Page,디지털고,1,Male,75,57,88,javascript
400,Judith,단지고,3,Female,97,97,70,python
401,Godart,구로고,4,Male,88,79,60,javascript
402,Zelda,디지털고,2,Female,55,62,59,python
403,Florance,디지털고,2,Female,74,63,98,C
404,Chrystel,디지털고,3,Female,74,77,87,C
405,Gert,디지털고,1,Female,100,71,90,Java
406,Loni,단지고,1,Female,93,50,69,""
407,Sean,디지털고,2,Female,72,73,57,Java
408,Lynda,디지털고,3,Female,76,64,81,javascript
409,Cathie,단지고,1,Female,60,99,86,""
410,Debbi,구로고,4,Female,67,50,79,javascript
411,Al,구로고,3,Male,68,96,55,C
412,Ozzie,구로고,1,Male,60,62,52,javascript
413,Sibley,단지고,4,Female,78,93,97,""
414,Drusilla,단지고,3,Female,52,53,71,C
415,Angelle,디지털고,2,Female,91,83,77,javascript
416,Martynne,디지털고,1,Female,95,93,52,javascript
417,Rufus,구로고,4,Male,96,75,83,python
418,Jedidiah,구로고,3,Male,51,50,54,python
419,Fair,단지고,2,Male,92,55,92,""
420,Leon,단지고,4,Male,51,93,75,javascript
421,Shaughn,단지고,3,Male,85,89,97,C
422,Lissy,단지고,2,Female,52,68,61,python
423,Kay,디지털고,1,Female,64,61,92,""
424,Susanna,구로고,1,Female,71,73,64,python
425,Denis,구로고,1,Male,70,82,73,Java
426,Nial,디지털고,4,Male,60,65,64,C
427,Kylie,디지털고,1,Female,58,53,55,python
428,Lemar,구로고,4,Male,96,58,54,Java
429,Arv,구로고,1,Male,68,71,69,python
430,Matilda,디지털고,1,Female,89,67,97,javascript
431,Hanny,디지털고,4,Female,84,64,100,javascript
432,Steward,디지털고,3,Male,98,89,53,Java
433,Flin,디지털고,2,Male,86,54,73,javascript
434,Germaine,단지고,1,Male,61,88,56,Java
435,Lorne,구로고,4,Female,74,71,78,""
436,Tiler,단지고,1,Male,63,87,55,javascript
437,Thacher,단지고,2,Male,79,82,75,python
438,Myles,디지털고,3,Male,85,93,53,javascript
439,Maurise,구로고,1,Male,63,80,56,python
440,Bliss,단지고,2,Female,79,87,83,Java
441,Hamid,단지고,4,Male,50,54,66,""
442,Nicolette,단지고,3,Female,64,56,64,javascript
443,Trever,디지털고,3,Male,69,82,97,python
444,Cary,단지고,4,Female,72,50,68,""
445,Jocelyne,단지고,4,Female,51,70,52,Java
446,Brose,디지털고,3,Male,71,64,86,javascript
447,Zachery,단지고,4,Male,69,81,50,javascript
448,Antoine,구로고,1,Male,59,77,55,python
449,Jenda,단지고,4,Female,66,82,82,C
450,Gert,디지털고,1,Female,51,85,73,python
451,Amara,단지고,2,Female,56,84,71,Java
452,Evvie,디지털고,4,Female,86,72,67,javascript
453,Holli,디지털고,2,Female,78,98,84,C
454,Derrick,단지고,4,Male,65,54,89,C
455,Wain,디지털고,1,Male,74,87,77,javascript
456,Marlowe,단지고,1,Male,71,85,82,""
457,Barn,구로고,1,Male,61,86,98,""
458,Marybeth,단지고,2,Female,85,72,55,javascript
459,Modesta,디지털고,2,Female,74,86,61,""
460,Emera,구로고,1,Female,52,94,85,javascript
461,Moises,단지고,4,Male,98,64,83,python
462,Isahella,디지털고,4,Female,71,52,83,""
463,Myrwyn,디지털고,2,Male,59,60,86,C
464,Mack,디지털고,4,Male,66,92,100,Java
465,Antone,구로고,2,Male,55,96,55,python
466,Clarie,단지고,1,Female,93,79,96,C
467,Mag,디지털고,4,Female,100,57,51,javascript
468,Trista,단지고,3,Female,88,55,51,javascript
469,Smitty,단지고,4,Male,77,98,90,C
470,Emmalee,구로고,4,Female,65,59,86,""
471,Valaree,구로고,1,Female,51,55,83,javascript
472,Kora,단지고,1,Female,72,91,55,python
473,Temp,단지고,1,Male,75,89,89,python
474,Delaney,단지고,1,Male,91,90,71,""
475,Antonella,단지고,4,Female,95,100,90,C
476,Tab,단지고,4,Male,62,61,63,C
477,Peggie,구로고,2,Female,51,60,95,C
478,Alexine,단지고,3,Female,99,77,76,javascript
479,Jordana,구로고,3,Female,98,89,52,C
480,Brod,단지고,2,Male,92,92,55,""
481,Lori,구로고,3,Female,54,100,93,C
482,Brian,디지털고,2,Male,59,75,96,Java
483,Edik,디지털고,3,Male,97,57,91,javascript
484,Guglielmo,구로고,1,Male,79,50,99,python
485,Urson,디지털고,3,Male,87,60,66,Java
486,Orelia,디지털고,3,Female,94,61,77,C
487,Brady,구로고,4,Male,84,62,97,javascript
488,Mitch,디지털고,1,Male,89,67,84,javascript
489,Marina,구로고,3,Female,53,63,99,Java
490,Stacy,단지고,3,Female,94,99,61,python
491,Dusty,디지털고,3,Female,54,66,92,C
492,Burr,구로고,4,Male,99,91,68,Java
493,Berti,디지털고,3,Female,99,87,77,Java
494,Lazare,단지고,2,Male,85,64,89,""
495,Ugo,디지털고,4,Male,51,50,74,""
496,Bryna,구로고,4,Female,65,66,71,C
497,Baron,단지고,3,Male,82,73,96,Java
498,Corey,구로고,3,Male,85,79,59,javascript
499,Davidde,디지털고,2,Male,57,76,52,Java
500,Angie,구로고,2,Female,92,77,63,Java
501,Shannah,디지털고,4,Female,88,74,68,""
502,Nick,단지고,1,Male,85,98,93,C
503,Gerard,구로고,4,Male,67,85,90,""
504,Hayyim,구로고,4,Male,79,80,69,javascript
505,Dolorita,단지고,3,Female,93,99,86,javascript
506,Lissie,디지털고,2,Female,70,51,88,C
507,Coleman,디지털고,3,Male,52,98,68,C
508,Dana,단지고,3,Male,92,84,60,C
509,Elisha,디지털고,2,Male,86,57,79,""
510,Tate,단지고,4,Male,78,100,81,javascript
511,Zenia,단지고,3,Female,82,64,100,""
512,Dana,구로고,1,Female,87,58,99,python
513,Shayne,단지고,1,Male,98,86,65,Java
514,Benedicta,단지고,2,Female,58,69,52,""
515,Brianne,디지털고,2,Female,80,99,90,C
516,Sidoney,디지털고,3,Female,99,65,98,javascript
517,Tiebout,단지고,1,Male,80,86,57,""
518,Myron,구로고,4,Male,68,69,52,""
519,Dimitry,구로고,2,Male,73,65,65,""
520,Chariot,단지고,4,Male,81,91,96,javascript
521,Isak,구로고,4,Male,75,85,89,python
522,Ann-marie,디지털고,1,Female,60,69,77,javascript
523,Dominique,단지고,1,Male,93,54,90,Java
524,Che,디지털고,2,Male,74,98,88,""
525,Patrizius,디지털고,4,Male,89,52,60,""
526,Zechariah,단지고,3,Male,61,51,85,javascript
527,Reece,디지털고,4,Male,87,73,85,C
528,Alyss,디지털고,2,Female,97,51,70,""
529,Layne,디지털고,2,Female,96,73,50,python
530,Deane,디지털고,3,Male,85,75,63,python
531,Mara,디지털고,3,Female,73,71,65,C
532,Sondra,단지고,4,Female,66,82,65,python
533,Monah,단지고,3,Female,90,96,63,C
534,Reube,단지고,1,Male,85,54,95,""
535,Helge,구로고,1,Female,56,59,77,Java
536,Nonie,디지털고,3,Female,57,95,92,Java
537,Jody,구로고,4,Male,97,51,83,javascript
538,Sigismundo,단지고,3,Male,71,54,61,python
539,Cornie,디지털고,2,Male,60,86,51,C
540,Fallon,단지고,3,Female,92,81,85,""
541,Miguelita,단지고,1,Female,84,69,59,""
542,Eyde,단지고,3,Female,88,100,54,C
543,Jennilee,디지털고,3,Female,83,99,61,javascript
544,Tamera,단지고,4,Female,94,91,68,python
545,Loella,구로고,3,Female,62,70,81,javascript
546,Sidonia,단지고,1,Female,76,60,68,Java
547,Kalle,구로고,2,Male,94,94,66,javascript
548,Boyd,구로고,3,Male,93,65,99,javascript
549,Pacorro,단지고,2,Male,90,63,68,""
550,Dalston,단지고,1,Male,66,90,57,python
551,Maryanna,단지고,3,Female,67,95,66,Java
552,Maximilien,구로고,4,Male,83,83,69,javascript
553,Beverly,구로고,4,Female,96,86,84,Java
554,Harvey,구로고,3,Male,66,69,84,""
555,Henry,구로고,4,Male,86,67,89,Java
556,Shanan,단지고,1,Male,92,71,51,""
557,Morie,단지고,4,Male,55,51,95,python
558,Zorah,단지고,4,Female,60,57,93,python
559,Helen,디지털고,3,Female,61,62,57,C
560,Hamish,단지고,2,Male,62,57,88,Java
561,Eadie,디지털고,3,Female,88,96,86,python
562,Boyd,구로고,4,Male,86,98,97,javascript
563,Janot,단지고,1,Female,62,70,58,C
564,Winthrop,단지고,1,Male,72,78,78,python
565,Caddric,단지고,2,Male,74,100,86,C
566,Salvatore,구로고,1,Male,90,78,90,""
567,Romeo,단지고,1,Male,59,90,98,python
568,Nikos,디지털고,1,Male,72,90,64,python
569,Abbye,단지고,2,Female,68,57,79,javascript
570,Gweneth,디지털고,2,Female,82,66,63,""
571,Audrye,단지고,3,Female,97,80,95,C
572,Aksel,구로고,1,Male,76,52,54,python
573,Mariam,구로고,2,Female,81,64,65,C
574,Maddy,단지고,3,Female,70,62,100,Java
575,Yulma,디지털고,4,Male,66,68,91,C
576,Lonny,구로고,3,Male,65,61,65,C
577,Maryellen,단지고,3,Female,83,56,58,Java
578,Johan,단지고,4,Male,71,99,98,python
579,Edgar,구로고,4,Male,83,88,54,javascript
580,Bill,구로고,3,Male,80,86,55,Java
581,Danice,단지고,3,Female,65,83,76,python
582,Esdras,구로고,4,Male,74,67,89,python
583,Anastasia,단지고,2,Female,72,76,82,C
584,Chiquia,단지고,3,Female,68,74,70,python
585,Angel,구로고,4,Male,79,86,99,javascript
586,Camilla,디지털고,1,Female,51,59,58,python
587,Lucia,단지고,2,Female,73,57,54,javascript
588,Terrill,디지털고,2,Male,79,51,75,""
589,Norman,단지고,4,Male,61,59,87,python
590,Julio,구로고,4,Male,94,96,50,""
591,Gilly,단지고,2,Female,78,81,66,C
592,Mattheus,디지털고,3,Male,61,75,85,javascript
593,Daisie,디지털고,1,Female,92,69,83,javascript
594,Maribelle,디지털고,1,Female,76,99,91,javascript
595,Annie,디지털고,4,Female,54,99,62,Java
596,Fae,단지고,1,Female,80,54,81,javascript
597,Cathyleen,단지고,1,Female,57,80,58,Java
598,Trace,구로고,4,Male,84,90,77,python
599,Roxana,구로고,1,Female,53,84,89,Java
600,Kelsey,구로고,3,Female,90,73,57,C
601,Avigdor,구로고,3,Male,100,80,61,javascript
602,Arvie,디지털고,3,Male,78,95,91,Java
603,Anton,구로고,3,Male,85,96,62,C
604,Andrea,단지고,4,Male,57,58,86,C
605,Konstanze,단지고,1,Female,62,95,77,python
606,Erinna,디지털고,4,Female,63,72,61,Java
607,Skipp,구로고,3,Male,60,55,81,javascript
608,Alayne,단지고,3,Female,93,89,84,python
609,Jule,구로고,4,Male,77,83,99,python
610,Lydia,단지고,2,Female,65,78,100,Java
611,Pennie,디지털고,2,Female,55,71,79,python
612,Kellie,구로고,3,Female,98,93,82,C
613,Bernice,디지털고,2,Female,60,86,69,""
614,Raeann,구로고,1,Female,100,84,83,""
615,Benson,디지털고,2,Male,75,92,52,C
616,Ardella,단지고,3,Female,51,68,87,""
617,Althea,디지털고,2,Female,87,51,96,C
618,Delcina,단지고,1,Female,50,74,67,javascript
619,Deloris,디지털고,3,Female,64,60,73,Java
620,Lolly,구로고,3,Female,54,75,59,python
621,Hiram,구로고,4,Male,57,66,75,python
622,Kellsie,디지털고,3,Female,97,92,92,Java
623,Selie,디지털고,4,Female,53,56,98,javascript
624,Barbey,단지고,1,Female,77,64,100,Java
625,Dalton,구로고,3,Male,56,83,91,C
626,Harriette,구로고,1,Female,97,72,80,C
627,Perry,디지털고,4,Female,82,88,86,python
628,Aura,단지고,3,Female,56,58,51,Java
629,Arnaldo,구로고,2,Male,73,85,100,Java
630,Carlene,단지고,2,Female,91,95,69,C
631,Fin,디지털고,4,Male,93,81,55,""
632,Annemarie,구로고,4,Female,59,97,85,javascript
633,Corri,구로고,4,Female,64,100,59,python
634,Pip,디지털고,3,Male,68,65,81,javascript
635,Nelli,단지고,1,Female,65,65,59,python
636,Sterne,구로고,2,Male,61,80,52,""
637,Tymothy,디지털고,1,Male,63,71,96,Java
638,Toni,단지고,1,Female,56,50,90,javascript
639,Hew,디지털고,3,Male,69,85,52,javascript
640,Lissy,단지고,4,Female,81,61,94,Java
641,Janella,디지털고,4,Female,74,89,86,""
642,Cloris,구로고,2,Female,85,54,60,C
643,Killian,구로고,3,Male,55,56,81,Java
644,Welbie,디지털고,4,Male,58,71,99,javascript
645,Chelsy,디지털고,2,Female,99,83,60,python
646,Lyon,디지털고,3,Male,63,86,63,python
647,Heddie,구로고,3,Female,73,65,53,javascript
648,Hazel,디지털고,2,Male,55,87,57,javascript
649,Adria,단지고,2,Female,83,69,88,Java
650,Decca,단지고,4,Male,64,100,58,python
651,Gretta,디지털고,1,Female,99,92,72,python
652,Kearney,디지털고,2,Male,93,55,82,""
653,Nathalie,디지털고,4,Female,85,89,53,C
654,Waiter,단지고,2,Male,98,76,50,python
655,Fax,단지고,2,Male,59,90,50,C
656,Fairfax,단지고,3,Male,87,65,81,C
657,Minnie,구로고,2,Female,57,83,77,python
658,Aymer,구로고,3,Male,76,60,100,""
659,Maxwell,단지고,4,Male,99,58,91,javascript
660,Dieter,구로고,1,Male,69,70,82,javascript
661,Sophey,구로고,3,Female,62,81,61,""
662,Christy,구로고,3,Female,84,91,52,C
663,Clerkclaude,단지고,1,Male,55,65,92,javascript
664,Constantino,구로고,1,Male,78,88,95,Java
665,Krystalle,단지고,1,Female,70,61,54,Java
666,Beatrix,단지고,2,Female,76,52,83,javascript
667,Blanch,디지털고,4,Female,50,81,88,javascript
668,Sibyl,단지고,4,Male,82,91,64,""
669,Diane-marie,디지털고,4,Female,88,78,53,""
670,Winny,단지고,3,Male,99,63,50,javascript
671,Lindsey,디지털고,3,Female,94,83,70,javascript
672,Roma,구로고,4,Male,54,84,92,C
673,Eilis,구로고,3,Female,98,79,70,javascript
674,Freda,단지고,2,Female,72,78,74,C
675,Randy,디지털고,4,Male,93,90,55,Java
676,Jeremy,단지고,1,Male,58,97,85,Java
677,Sonia,단지고,3,Female,83,83,66,python
678,Bordie,단지고,1,Male,94,50,85,C
679,Zacharia,구로고,4,Male,89,96,85,Java
680,Gertrudis,구로고,3,Female,83,82,61,""
681,Kingsley,구로고,1,Male,72,89,51,python
682,Goldie,구로고,4,Female,92,100,65,javascript
683,Shem,단지고,4,Male,79,94,75,python
684,Franni,구로고,1,Female,84,86,54,Java
685,Dorris,구로고,1,Female,79,92,86,""
686,Chuck,구로고,1,Male,69,70,95,""
687,Lilias,디지털고,2,Female,80,74,69,javascript
688,Morse,구로고,4,Male,60,76,97,python
689,Newton,단지고,1,Male,73,72,73,C
690,Edgardo,단지고,2,Male,82,80,75,python
691,Taylor,디지털고,1,Male,59,75,52,""
692,Miquela,디지털고,3,Female,56,73,86,Java
693,Cleveland,구로고,4,Male,65,71,54,javascript
694,Georges,디지털고,4,Male,69,64,50,C
695,Cosmo,단지고,1,Male,76,98,74,python
696,Ivor,구로고,1,Male,66,90,63,python
697,Sayre,구로고,4,Female,67,52,60,Java
698,Harriette,디지털고,4,Female,55,64,79,""
699,Gearalt,단지고,1,Male,64,54,61,javascript
700,Dulcy,디지털고,3,Female,88,94,50,python
701,Fredra,구로고,2,Female,52,76,54,""
702,Brena,디지털고,3,Female,54,73,74,""
703,Alika,구로고,1,Female,60,68,68,javascript
704,Felita,구로고,4,Female,71,63,55,python
705,Erl,구로고,3,Male,90,90,54,javascript
706,Hervey,단지고,4,Male,96,61,61,C
707,Ferguson,단지고,3,Male,90,98,84,C
708,Kore,단지고,3,Female,88,60,83,Java
709,Pansy,디지털고,4,Female,99,83,84,""
710,Diena,디지털고,4,Female,62,97,89,Java
711,Ralph,단지고,2,Male,52,70,78,Java
712,Angy,단지고,2,Female,66,87,90,Java
713,Fleming,구로고,2,Male,98,63,100,""
714,Dianne,디지털고,3,Female,81,87,53,python
715,Sonja,단지고,3,Female,76,67,100,Java
716,Jasper,단지고,3,Male,94,57,79,""
717,Victoir,디지털고,2,Male,72,53,68,javascript
718,Nikita,구로고,3,Male,76,79,81,C
719,Rheba,디지털고,2,Female,56,80,61,""
720,Tonya,단지고,3,Female,80,79,88,Java
721,Marj,구로고,3,Female,53,96,91,Java
722,Eli,단지고,2,Male,59,82,96,""
723,Aharon,구로고,3,Male,89,65,93,""
724,Maxy,디지털고,2,Male,78,55,54,""
725,Hugo,디지털고,4,Male,97,74,70,""
726,Florinda,구로고,3,Female,82,68,60,javascript
727,Lennie,디지털고,2,Male,65,68,52,javascript
728,Janelle,단지고,4,Female,88,79,84,Java
729,Ermanno,디지털고,2,Male,88,84,64,Java
730,Stephana,단지고,3,Female,80,70,66,javascript
731,Ferdinand,구로고,2,Male,69,77,63,Java
732,Babbie,단지고,4,Female,93,60,91,C
733,Bobbe,구로고,2,Female,62,67,76,C
734,Enriqueta,구로고,2,Female,61,55,98,C
735,Carmen,단지고,1,Female,100,85,70,python
736,Gan,단지고,2,Male,65,85,66,C
737,Koral,단지고,2,Female,89,86,52,javascript
738,Stanislas,단지고,2,Male,75,85,59,""
739,Bernarr,구로고,2,Male,83,98,76,C
740,Cherie,구로고,4,Female,60,54,77,Java
741,Beatrix,구로고,1,Female,90,61,72,python
742,Shane,구로고,4,Female,97,56,85,python
743,Bonny,단지고,4,Female,54,66,94,Java
744,Rozalin,단지고,3,Female,51,99,79,javascript
745,Aurelie,디지털고,4,Female,51,82,51,javascript
746,Ferrell,구로고,1,Male,91,62,79,C
747,Hilton,단지고,3,Male,54,63,75,python
748,Rose,구로고,3,Female,67,65,66,javascript
749,Robinet,디지털고,1,Female,93,71,82,javascript
750,Marlane,디지털고,1,Female,53,66,88,python
751,Allie,단지고,4,Male,77,74,61,""
752,Ollie,단지고,3,Male,74,98,53,C
753,Stearne,디지털고,2,Male,60,88,55,C
754,Ramon,구로고,1,Male,67,50,92,C
755,Ansley,구로고,3,Female,71,56,63,C
756,Marchall,단지고,3,Male,53,62,61,javascript
757,Carolyne,디지털고,3,Female,65,92,96,python
758,Kelbee,단지고,1,Male,73,69,64,""
759,Humfried,디지털고,4,Male,56,95,53,""
760,Borg,구로고,4,Male,61,52,53,C
761,Jamill,구로고,4,Male,95,55,76,""
762,Mabelle,단지고,4,Female,71,70,94,""
763,Alina,디지털고,4,Female,90,52,73,""
764,Stevy,디지털고,4,Male,56,81,83,Java
765,Blakelee,디지털고,3,Female,55,98,67,Java
766,Rayshell,디지털고,2,Female,54,78,100,javascript
767,Kimberli,디지털고,4,Female,61,95,85,Java
768,Kay,디지털고,1,Female,59,96,50,""
769,Ahmad,디지털고,4,Male,61,63,95,javascript
770,Zena,단지고,2,Female,71,98,98,javascript
771,Christy,디지털고,2,Male,54,91,55,python
772,Annmaria,단지고,1,Female,59,53,72,javascript
773,Natalie,디지털고,1,Female,52,60,70,python
774,Hubie,디지털고,3,Male,63,60,64,python
775,Phillipe,디지털고,4,Male,95,80,96,javascript
776,Mikey,구로고,3,Male,99,92,57,javascript
777,Wald,디지털고,4,Male,79,61,51,javascript
778,Ricki,단지고,4,Male,56,57,89,Java
779,Kassie,단지고,2,Female,77,85,92,""
780,Marj,단지고,4,Female,68,96,66,Java
781,Codi,단지고,3,Female,59,63,64,""
782,Claribel,구로고,3,Female,54,91,100,Java
783,Perkin,단지고,2,Male,83,69,56,python
784,Adolpho,구로고,2,Male,82,86,63,C
785,Vassily,디지털고,2,Male,80,62,95,""
786,Falito,디지털고,2,Male,86,93,93,javascript
787,Jacob,구로고,1,Male,52,75,76,C
788,Theadora,디지털고,4,Female,56,99,63,javascript
789,Cicily,단지고,1,Female,67,52,93,C
790,Chucho,단지고,2,Male,88,93,63,python
791,Germaine,단지고,2,Male,90,67,84,""
792,Samuel,구로고,4,Male,62,67,84,C
793,Trevor,디지털고,2,Male,50,73,80,Java
794,Cross,단지고,3,Male,63,58,90,""
795,Lemar,단지고,1,Male,72,85,93,C
796,Marcelline,구로고,3,Female,73,67,94,javascript
797,Tate,디지털고,4,Male,66,88,54,javascript
798,Rosella,구로고,2,Female,94,87,75,python
799,Charo,디지털고,1,Female,78,64,91,C
800,Karena,디지털고,2,Female,96,93,75,""
801,Wynne,디지털고,3,Female,70,94,50,C
802,Adena,디지털고,4,Female,95,78,65,C
803,Salim,단지고,3,Male,74,68,60,javascript
804,Erin,구로고,2,Female,94,92,91,python
805,Elissa,디지털고,3,Female,91,71,59,python
806,Leontyne,단지고,4,Female,71,86,77,javascript
807,Hirsch,단지고,4,Male,57,80,99,C
808,Cyrill,단지고,1,Male,55,63,57,""
809,Roselin,디지털고,3,Female,77,85,100,python
810,Greta,디지털고,2,Female,56,76,88,Java
811,Mira,디지털고,3,Female,97,82,67,Java
812,Carmelina,디지털고,4,Female,53,60,59,""
813,Lazare,구로고,3,Male,52,95,57,python
814,Hannah,디지털고,1,Female,76,65,63,javascript
815,Gareth,구로고,3,Male,56,58,85,C
816,Curran,단지고,4,Male,78,60,53,""
817,Dov,단지고,1,Male,92,50,67,python
818,Kendal,디지털고,2,Male,78,69,93,python
819,Ros,디지털고,1,Female,72,76,73,""
820,Brion,디지털고,1,Male,62,100,75,python
821,Ruddy,구로고,2,Male,68,83,69,python
822,Barbabas,구로고,1,Male,56,89,70,python
823,Puff,단지고,1,Male,95,78,89,Java
824,Carr,디지털고,1,Male,61,81,80,C
825,Michaella,디지털고,4,Female,85,58,60,C
826,Stillmann,구로고,2,Male,54,66,86,python
827,Cornelius,구로고,1,Male,78,92,83,Java
828,Dunstan,구로고,4,Male,51,81,66,C
829,Noella,단지고,2,Female,52,83,56,python
830,Kirby,디지털고,1,Female,58,79,83,python
831,Alverta,구로고,3,Female,78,99,69,C
832,Didi,구로고,2,Female,72,100,59,javascript
833,Lauren,단지고,1,Male,95,100,54,Java
834,Merrilee,단지고,4,Female,100,96,55,Java
835,Justinian,디지털고,3,Male,73,95,62,javascript
836,Rodrick,디지털고,2,Male,99,100,92,python
837,Johna,단지고,1,Female,64,60,97,""
838,Gypsy,구로고,2,Female,63,92,83,python
839,Greta,구로고,1,Female,65,59,97,C
840,Gerik,디지털고,2,Male,87,80,90,C
841,Mycah,단지고,3,Male,97,87,89,python
842,Elisa,구로고,1,Female,97,50,97,C
843,Frasco,디지털고,1,Male,52,57,66,javascript
844,Brenden,단지고,1,Male,69,78,67,javascript
845,Tommi,디지털고,3,Female,53,64,85,Java
846,Kerby,디지털고,2,Male,91,90,55,python
847,Norman,단지고,4,Male,89,74,64,Java
848,Madelena,단지고,1,Female,87,72,50,javascript
849,Trumann,단지고,1,Male,95,98,64,Java
850,Jack,디지털고,1,Male,56,78,65,""
851,Aluino,디지털고,1,Male,71,52,73,C
852,Jermayne,구로고,4,Male,84,99,68,C
853,Pinchas,구로고,2,Male,88,69,73,Java
854,Wallas,구로고,3,Male,74,69,72,""
855,Bink,디지털고,3,Male,88,99,68,python
856,Fina,디지털고,2,Female,88,74,86,python
857,Dahlia,디지털고,3,Female,83,98,69,javascript
858,Biron,디지털고,4,Male,51,78,90,Java
859,Alyosha,단지고,1,Male,59,58,68,javascript
860,Katha,구로고,4,Female,85,69,89,""
861,Philipa,단지고,3,Female,61,74,64,javascript
862,Ancell,단지고,1,Male,90,91,94,Java
863,Felike,구로고,2,Male,77,74,77,python
864,Anita,단지고,2,Female,76,56,78,""
865,Marcus,디지털고,4,Male,87,50,62,Java
866,Travis,디지털고,1,Male,59,84,59,python
867,Rowen,구로고,2,Male,78,68,70,""
868,Cecilla,단지고,2,Female,93,58,55,C
869,Taber,단지고,4,Male,53,53,86,javascript
870,Allyson,단지고,1,Female,90,97,70,Java
871,Brennan,구로고,4,Male,90,64,99,""
872,Barri,단지고,1,Male,61,71,71,python
873,Creighton,단지고,4,Male,98,94,77,javascript
874,Abby,구로고,3,Male,96,88,87,python
875,Gwenore,구로고,1,Female,57,86,56,Java
876,Godfrey,디지털고,3,Male,86,75,100,Java
877,Torrence,구로고,3,Male,62,67,64,C
878,Ebony,구로고,4,Female,63,77,85,Java
879,Beverlie,단지고,4,Female,61,51,94,C
880,Millicent,단지고,3,Female,89,71,53,python
881,Joanna,단지고,4,Female,89,52,83,javascript
882,Nicola,구로고,4,Male,61,91,99,C
883,Gerick,디지털고,4,Male,76,54,84,python
884,Jayson,디지털고,4,Male,62,76,73,""
885,Desdemona,단지고,1,Female,72,67,93,C
886,Sondra,디지털고,4,Female,94,84,90,Java
887,Leigh,디지털고,1,Male,61,68,91,Java
888,Stormy,단지고,4,Female,61,74,76,C
889,Elbertina,구로고,1,Female,100,66,52,python
890,Jaime,구로고,2,Female,69,82,84,python
891,Tessi,디지털고,2,Female,57,51,96,""
892,Merle,디지털고,1,Male,65,55,64,Java
893,Joel,디지털고,1,Male,64,96,92,python
894,Tatiania,디지털고,1,Female,64,75,76,javascript
895,Hailee,구로고,3,Female,95,72,54,Java
896,Abeu,구로고,1,Male,61,71,84,""
897,Gnni,디지털고,4,Female,96,71,64,Java
898,Tracey,구로고,1,Female,71,99,59,Java
899,Daryl,디지털고,1,Male,72,66,53,Java
900,Emery,디지털고,2,Male,53,90,70,Java
901,Fabio,구로고,4,Male,79,52,78,C
902,Rozalin,구로고,3,Female,62,80,98,Java
903,Lacy,디지털고,2,Female,69,52,92,C
904,Kristel,구로고,1,Female,89,55,60,Java
905,Elsbeth,단지고,3,Female,74,85,89,C
906,Nelle,구로고,2,Female,80,89,69,Java
907,Rheta,디지털고,1,Female,99,91,85,""
908,Sylvia,구로고,1,Female,73,86,98,python
909,Tara,단지고,1,Female,94,69,76,C
910,Tabbatha,단지고,2,Female,64,66,79,python
911,Benoit,구로고,3,Male,76,74,88,python
912,Andie,구로고,4,Female,92,65,66,python
913,Fred,디지털고,4,Male,100,73,93,python
914,Aldwin,디지털고,1,Male,82,94,60,python
915,Puff,디지털고,3,Male,92,76,55,javascript
916,Rudd,단지고,2,Male,66,58,57,javascript
917,Mady,단지고,3,Female,64,94,55,python
918,Dyna,디지털고,3,Female,65,54,68,javascript
919,Florentia,구로고,1,Female,64,62,94,python
920,Peyter,구로고,1,Male,90,89,76,javascript
921,Julienne,디지털고,2,Female,61,87,71,""
922,Cora,단지고,1,Female,99,93,57,C
923,Reamonn,디지털고,2,Male,85,52,64,C
924,Malanie,구로고,3,Female,94,63,60,Java
925,Iain,구로고,1,Male,83,52,62,C
926,Cristen,디지털고,1,Female,52,97,57,C
927,Aggi,단지고,3,Female,56,82,56,python
928,Rasia,구로고,4,Female,97,80,61,C
929,Natty,구로고,4,Male,55,60,57,python
930,Benjy,디지털고,4,Male,79,80,52,Java
931,Benjamin,단지고,4,Male,93,100,69,""
932,Theodore,디지털고,2,Male,78,85,55,javascript
933,Hugh,구로고,4,Male,95,81,81,javascript
934,Rancell,단지고,4,Male,83,89,80,python
935,Travus,구로고,1,Male,80,74,69,python
936,Genny,구로고,4,Female,63,55,82,javascript
937,Nichols,구로고,2,Male,58,100,57,Java
938,Tremayne,디지털고,2,Male,53,68,52,javascript
939,Edan,디지털고,2,Male,66,68,51,C
940,Eadie,디지털고,2,Female,95,90,56,python
941,Sandye,디지털고,1,Female,70,77,62,python
942,Hagen,단지고,1,Male,78,67,92,javascript
943,Vilhelmina,디지털고,4,Female,90,88,50,Java
944,Herschel,단지고,3,Male,70,67,61,javascript
945,Ronny,단지고,2,Male,100,95,53,""
946,Hillery,단지고,4,Male,95,50,94,javascript
947,Brady,단지고,1,Male,62,57,61,python
948,Worthington,디지털고,4,Male,72,72,75,javascript
949,Bondie,단지고,2,Male,61,73,54,""
950,Lisle,디지털고,4,Male,66,73,63,""
951,Paddy,디지털고,2,Male,89,97,88,""
952,Emyle,단지고,2,Female,53,77,63,C
953,Kattie,구로고,3,Female,57,62,72,C
954,Jemima,구로고,3,Female,84,51,95,python
955,Kellsie,디지털고,3,Female,98,59,96,C
956,Klarika,구로고,2,Female,90,56,52,javascript
957,Monti,디지털고,1,Male,57,95,55,""
958,Jaclyn,단지고,2,Female,64,62,71,javascript
959,Edsel,구로고,3,Male,70,74,65,javascript
960,Marietta,구로고,2,Male,75,75,58,python
961,Cacilie,디지털고,3,Female,58,54,92,python
962,Clarey,디지털고,1,Female,81,90,83,Java
963,Jackqueline,구로고,1,Female,65,65,54,python
964,Shamus,단지고,2,Male,64,81,94,python
965,Collete,단지고,2,Female,100,52,61,Java
966,Waylin,디지털고,3,Male,98,66,86,javascript
967,Tobye,디지털고,1,Female,60,98,55,Java
968,Anthe,디지털고,2,Female,55,87,79,python
969,Aline,디지털고,2,Female,90,93,51,python
970,Hastie,단지고,1,Male,56,67,95,Java
971,Jolie,단지고,2,Female,62,85,97,javascript
972,Aron,디지털고,1,Male,52,92,90,""
973,Sonia,디지털고,4,Female,65,97,55,javascript
974,Gaelan,단지고,1,Male,89,83,83,""
975,Benedikt,디지털고,1,Male,82,95,60,Java
976,Cariotta,단지고,3,Female,65,92,64,""
977,Tobi,디지털고,1,Female,91,67,82,""
978,Craig,구로고,3,Male,85,99,91,Java
979,Adolphus,구로고,1,Male,76,98,74,python
980,Stefan,디지털고,2,Male,62,65,86,C
981,Leigh,구로고,4,Female,72,88,67,javascript
982,Evy,구로고,4,Female,76,95,84,""
983,Ariadne,단지고,3,Female,62,71,83,C
984,Armando,단지고,3,Male,70,91,76,python
985,Elden,구로고,3,Male,71,57,61,javascript
986,Burlie,구로고,1,Male,60,79,77,javascript
987,Valerie,단지고,2,Female,82,99,80,python
988,Lavena,구로고,3,Female,85,66,81,""
989,Jeth,구로고,2,Male,86,73,55,C
990,Shandee,단지고,3,Female,66,59,59,javascript
991,Marcelle,구로고,4,Female,55,62,87,python
992,Loise,구로고,3,Female,60,68,75,Java
993,Teddie,단지고,4,Female,97,69,89,python
994,George,구로고,1,Female,89,87,60,javascript
995,Trumann,디지털고,4,Male,61,80,91,C
996,Melisent,구로고,4,Female,68,76,68,C
997,Verney,구로고,3,Male,98,82,73,C
998,Ugo,디지털고,4,Male,57,67,91,""
999,Cordell,구로고,2,Male,76,95,91,C
1000,Jamie,구로고,4,Female,92,53,62,C
